./data/compress/BALM183304_FR_CR.jpg,0.9997516
./data/compress/LXLM184311_FR_FL.jpg,0.9993488
./data/compress/FPLW171189_FR_CR.jpg,0.99876356
./data/compress/CXLM183002_FR_FL.jpg,0.99834967
./data/compress/FFLW171101_FR_CR.jpg,0.9941221
./data/compress/LSLM184404_FR_FL.jpg,0.991995
./data/compress/FPLW171189_FR_45.jpg,0.98801976
./data/compress/LXLS182102_FR_FL.jpg,0.98435366
./data/compress/FOLW171108_FR_45.jpg,0.98388565
./data/compress/BHLS182301_FR_CR.jpg,0.98106754
./data/compress/FWLW171112_FR_FL.jpg,0.9708439
./data/compress/FJLW171122_FR_45.jpg,0.97009283
./data/compress/LXLM183303_FR_FL.jpg,0.969315
./data/compress/CCLM183301_FR_CR.jpg,0.9690617
./data/compress/LALM183302_FR_FL.jpg,0.9679785
./data/compress/SSLS183401_FR_FL.jpg,0.964331
./data/compress/BHLS182103_FR_FL.jpg,0.96322656
./data/compress/BWLS181105_FR_CR.jpg,0.9576417
./data/compress/BALM183304_FR_FL.jpg,0.9569447
./data/compress/SSLS182206_FR_CR.jpg,0.9566363
./data/compress/BPLM183001_FR_FL.jpg,0.9534399
./data/compress/SSLS183204_FR_CR.jpg,0.95213246
./data/compress/FOLW171162_FR_FL.jpg,0.94902474
./data/compress/BHLM184112_FR_FL.jpg,0.92896223
./data/compress/LXLM184323_FR_FL.jpg,0.9275432
./data/compress/BHLM184405_FR_CR.jpg,0.9035868
./data/compress/LXLM183314_FR_FL.jpg,0.9029788
./data/compress/CCLM184114_FR_FL.jpg,0.8884163
./data/compress/BHLM184404_FR_CR.jpg,0.8799562
./data/compress/LXLM184308_FR_FL.jpg,0.86636484
./data/compress/BCLM184301_FR_CR.jpg,0.8654423
./data/compress/BPLM183001_FR_CR.jpg,0.8524562
./data/compress/SSLM183304_FR_FL.jpg,0.8327749
./data/compress/CCLM182104_FR_CR.jpg,0.8313536
./data/compress/FJLW171121_FR_CR.jpg,0.78593546
./data/compress/LSLS181101_FR_1_.jpg,0.7714974
./data/compress/CCLM184114_FR_CR.jpg,0.74885815
./data/compress/LXLM182220_FR_FL.jpg,0.7196759
./data/compress/LALM184418_FR_FL.jpg,0.6712551
./data/compress/BALS183103_FR_CR.jpg,0.6329777
./data/compress/BHLM184101_FR_CR.jpg,0.6291818
./data/compress/ULLM184401_FR_FL.jpg,0.6026464
./data/compress/BALS182201_FR_CR.jpg,0.5996271
./data/compress/BCLM183201_FR_FL.jpg,0.59409434
./data/compress/TBLS181101_FR_FL.jpg,0.57531375
./data/compress/BCLS182202_FR_CR.jpg,0.54649067
./data/compress/FCLW171140_FR_45.jpg,0.505362
./data/compress/FOLW171167_FR_CR.jpg,0.4866447
./data/compress/LXLM183204_FR_FL.jpg,0.4748088
./data/compress/FPLW171102_FR_45.jpg,0.44196087
./data/compress/BCLM183201_FR_CR.jpg,0.4368743
./data/compress/SCLM183201_FR_CR.jpg,0.43378264
./data/compress/SSLS182430_FR_FL.jpg,0.42145565
./data/compress/FDLW171204_FR_45.jpg,0.4153331
./data/compress/UDLM184405_FR_CR.jpg,0.38633603
./data/compress/FYLW171113_FR_CR.jpg,0.36132845
./data/compress/SSLM183308_FR_CR.jpg,0.31956875
./data/compress/LXLM183217_FR_FL.jpg,0.29528716
./data/compress/FSLW171135_FR_CR.jpg,0.29503986
./data/compress/SSLM183215_FR_CR.jpg,0.27755255
./data/compress/BHLM184404_FR_FL.jpg,0.27751666
./data/compress/CNLS182202_FR_FL.jpg,0.2639659
./data/compress/BSLM183005_FR_CR.jpg,0.25924334
./data/compress/CXLM184103_FR_CR.jpg,0.24970081
./data/compress/SSLM184433_FR_FL.jpg,0.23478226
./data/compress/BHLS181103_FR_FL.jpg,0.23063748
./data/compress/SSLM182108_FR_FL.jpg,0.19617522
./data/compress/FFLW171116_FR_45.jpg,0.18756005
./data/compress/CXLM181104_FR_CR.jpg,0.1784019
./data/compress/FPLW171146_FR_FL.jpg,0.16662751
./data/compress/CCLM182105_FR_CR.jpg,0.16352029
./data/compress/CNLM182203_FR_CR.jpg,0.16006668
./data/compress/BHLA185103_FR_CR.jpg,0.14095196
./data/compress/SSLM184145_FR_CR.jpg,0.14001581
./data/compress/SSLM184436_FR_CR.jpg,0.13931003
./data/compress/CNLS182404_FR_CR.jpg,0.12733296
./data/compress/FOLW171166_FR_CR.jpg,0.119952016
./data/compress/FOLW171151_FR_45.jpg,0.11864381
./data/compress/FOLW171132_FR_45.jpg,0.11389586
./data/compress/KKLM184101_FR_FL.jpg,0.10754299
./data/compress/CCLS182203_FR_CR.jpg,0.104942575
./data/compress/KXLS181103_FR_FL.jpg,0.10342242
./data/compress/CCLS181108_FR_CR.jpg,0.09581831
./data/compress/SSLS182309_FR_CR.jpg,0.089329734
./data/compress/LXLM183311_FR_FL.jpg,0.08682512
./data/compress/UDLM183201_FR_CR.jpg,0.085380286
./data/compress/FPLW171174_FR_45.jpg,0.08431795
./data/compress/LSLM183201_FR_FL.jpg,0.08425515
./data/compress/SSLM183003_FR_FL.jpg,0.08075421
./data/compress/LHLS182103_FR_FL.jpg,0.08020347
./data/compress/LXLM183002_FR_FL.jpg,0.07970942
./data/compress/BCLS182202_FR_FL.jpg,0.07917888
./data/compress/BALM184101_FR_CR.jpg,0.07766997
./data/compress/FOLW171132_FR_CR.jpg,0.07320402
./data/compress/LHLM181104_FR_FL.jpg,0.07285824
./data/compress/LHLM182204_FR_FL.jpg,0.07103933
./data/compress/SSLM183309_FR_CR.jpg,0.067883536
./data/compress/FOLW171109_FR_45.jpg,0.06588486
./data/compress/BHFS197302_FR_1.jpg,0.06428647
./data/compress/FOLW171193_FR_CR.jpg,0.063563615
./data/compress/FOLW171152_FR_CR.jpg,0.05992238
./data/compress/FOLW171111_FR_45.jpg,0.059482694
./data/compress/BCLM183207_FR_CR.jpg,0.056526486
./data/compress/FPLW171148_FR_45.jpg,0.05483943
./data/compress/BHLS181101_FR_CR.jpg,0.054045774
./data/compress/CCLM184106_FR_CR.jpg,0.05133952
./data/compress/BCLM183002_FR_CR.jpg,0.049137846
./data/compress/SSLM183213_FR_CR.jpg,0.04737111
./data/compress/CNLS182202_FR_CR.jpg,0.045299765
./data/compress/BHLS183103_FR_CR.jpg,0.044990882
./data/compress/FOLW171107_FR_CR.jpg,0.043343104
./data/compress/SSLA184922_FR_CR.jpg,0.0432608
./data/compress/LHLM184428_FR_FL.jpg,0.041078318
./data/compress/BHLM183303_FR_CR.jpg,0.04098277
./data/compress/FWLW171102_FR_CR.jpg,0.040950544
./data/compress/FPLW171162_FR_45.jpg,0.039829478
./data/compress/BHFW185801_FR_45_02.jpg,0.039631158
./data/compress/BALS182410_FR_CR.jpg,0.037758008
./data/compress/SSLS181103_FR_CR.jpg,0.03768578
./data/compress/LXLM183214_FR_FL.jpg,0.0368931
./data/compress/UDLM182102_FR_CR.jpg,0.03256446
./data/compress/FPLW171147_FR_45.jpg,0.032441072
./data/compress/FOLW171159_FR_45.jpg,0.032077167
./data/compress/FJLW171135_FR_CR.jpg,0.031088147
./data/compress/SCLM184109_FR_FL.jpg,0.029760957
./data/compress/FWLW172104_FR_CR.jpg,0.029225826
./data/compress/LXLM184432_FR_FL.jpg,0.02779561
./data/compress/LXLS181111_FR_FL.jpg,0.02741681
./data/compress/CCLS181110_FR_CR.jpg,0.027288105
./data/compress/FOLW171165_FR_CR.jpg,0.027041273
./data/compress/FOLW171161_FR_CR.jpg,0.026936023
./data/compress/SSLM183002_FR_CR.jpg,0.026637744
./data/compress/STLM184107_FR_CR.jpg,0.026587348
./data/compress/FOLW171101_FR_CR.jpg,0.025998782
./data/compress/FDLW171209_FR_FL.jpg,0.024482336
./data/compress/FPLW171134_FR_CR.jpg,0.024245715
./data/compress/SSLM183322_FR_CR.jpg,0.02364119
./data/compress/FOLW171159_FR_CR.jpg,0.022968091
./data/compress/FTLW171106_FR_CR.jpg,0.022900963
./data/compress/FOLW171114_FR_CR.jpg,0.022810455
./data/compress/UDLM184104_FR_CR.jpg,0.021950789
./data/compress/LXLM184139_FR_FL.jpg,0.021807898
./data/compress/BHLS183402_FR_CR.jpg,0.021392513
./data/compress/SSLM184123_FR_CR.jpg,0.021185718
./data/compress/SSLM184439_FR_FL.jpg,0.02103263
./data/compress/UDLS182103_FR_CR.jpg,0.020845985
./data/compress/BHLS182401_FR_CR.jpg,0.020778554
./data/compress/FJLW171121_FR_FL.jpg,0.020640133
./data/compress/BALM184403_FR_CR.jpg,0.020278413
./data/compress/CXFS197301_FR_1.jpg,0.019917522
./data/compress/BHLS181103_FR_CR.jpg,0.0194573
./data/compress/SSLM184413_FR_CR.jpg,0.019207565
./data/compress/CCLS181203_FR_CR.jpg,0.019084584
./data/compress/CCLM184411_FR_CR.jpg,0.018079642
./data/compress/BALS181104_FR_FL.jpg,0.017213546
./data/compress/BWLS181106_FR_CR.jpg,0.01686036
./data/compress/KXLM184101_FR_FL.jpg,0.01633771
./data/compress/FCLW171155_FR_45.jpg,0.01617685
./data/compress/BHLS182402_FR_CR.jpg,0.016105048
./data/compress/LHLM184159_FR_CR.jpg,0.015514888
./data/compress/UDLS182401_FR_CR.jpg,0.015302685
./data/compress/FJLW171128_FR_45.jpg,0.015301243
./data/compress/CCLS181102_FR_FL.jpg,0.014943509
./data/compress/SSLS181103_FR_FL.jpg,0.014933749
./data/compress/BWLS181106_FR_FL.jpg,0.014021621
./data/compress/KJLA184504_FR_FL.jpg,0.013981932
./data/compress/SCLM183004_FR_FL.jpg,0.013935144
./data/compress/SSLS181109_FR_FL.jpg,0.013620048
./data/compress/SSLM182101_FR_CR.jpg,0.013586074
./data/compress/FSLW171176_FR_CR.jpg,0.013216104
./data/compress/BWLM182202_FR_CR.jpg,0.012829675
./data/compress/SSLS182304_FR_FL.jpg,0.012706802
./data/compress/UDLM184112_FR_CR.jpg,0.012667554
./data/compress/SSLA184920_FR_CR.jpg,0.012652461
./data/compress/FDLW171206_FR_CR.jpg,0.012650942
./data/compress/SCLM181201_FR_45.jpg,0.012586443
./data/compress/SSLM182106_FR_FL.jpg,0.01219552
./data/compress/FRLW171101_FR_45.jpg,0.012167985
./data/compress/FOLW171154_FR_CR.jpg,0.011995076
./data/compress/BALM182301_FR_CR.jpg,0.011512383
./data/compress/FSLW171107_FR_45.jpg,0.011426198
./data/compress/BHLS182104_FR_CR.jpg,0.010928005
./data/compress/CXLM182101_FR_CR.jpg,0.010921851
./data/compress/SSLS182212_FR_CR.jpg,0.010737006
./data/compress/FPLW171188_FR_CR.jpg,0.010646562
./data/compress/CCLS183401_FR_CR.jpg,0.010025024
./data/compress/CCLM182106_FR_CR.jpg,0.009838133
./data/compress/FTLW171133_FR_FL.jpg,0.009813478
./data/compress/LXLM183026_FR_FL.jpg,0.009774052
./data/compress/LALM184417_FR_FL.jpg,0.009489347
./data/compress/CCLM183003_FR_CR.jpg,0.00928926
./data/compress/FOLW171154_FR_FL.jpg,0.009205191
./data/compress/FOLW171155_FR_CR.jpg,0.009065024
./data/compress/FOLW171126_FR_45.jpg,0.009062677
./data/compress/KMLS182201_FR_CR.jpg,0.008643336
./data/compress/FJLW171136_FR_FL.jpg,0.008511786
./data/compress/CCLM184113_FR_FL.jpg,0.008399437
./data/compress/FPLW171174_FR_CR.jpg,0.008331313
./data/compress/UDLM182203_FR_CR.jpg,0.008207135
./data/compress/FSLW171143_FR_CR.jpg,0.00801572
./data/compress/BHLS182403_FR_CR.jpg,0.007986271
./data/compress/FSLW171146_FR_FL.jpg,0.007888849
./data/compress/FCLW172101_FR_FL.jpg,0.007853313
./data/compress/FSLW171136_FR_45.jpg,0.007819632
./data/compress/FDLW171144_FR_45.jpg,0.007575177
./data/compress/UDLS182102_FR_CR.jpg,0.007420505
./data/compress/UDLM183202_FR_CR.jpg,0.007392035
./data/compress/LSLM183003_FR_FL.jpg,0.007387523
./data/compress/STLM183301_FR_FL.jpg,0.007328682
./data/compress/LALS183102_FR_FL.jpg,0.007111587
./data/compress/KXLS182103_FR_FL.jpg,0.00687169
./data/compress/FOLW171188_FR_CR.jpg,0.006842831
./data/compress/SCLM182402_FR_CR.jpg,0.00672863
./data/compress/FCLW171151_FR_FL.jpg,0.006588669
./data/compress/FSLW171151_FR_45.jpg,0.00635381
./data/compress/KXLS182101_FR_CR.jpg,0.00634631
./data/compress/FRLW171104_FR_45.jpg,0.006343111
./data/compress/FOLW171209_FR_CR.jpg,0.006134155
./data/compress/CLLM181201_FR_45.jpg,0.006099259
./data/compress/CCLM182108_FR_CR.jpg,0.006088782
./data/compress/SSLS182436_FR_FL.jpg,0.006057126
./data/compress/STLS182202_FR_FL.jpg,0.005929438
./data/compress/FOLW171184_FR_FL.jpg,0.005922476
./data/compress/LXLS181109_FR_FL.jpg,0.005833553
./data/compress/SWLW185304_FR_CR.jpg,0.005781578
./data/compress/LHLM184158_FR_FL.jpg,0.005742822
./data/compress/LALM183303_FR_FL.jpg,0.005677756
./data/compress/BWLS182101_FR_CR.jpg,0.005613094
./data/compress/SSLM184433_FR_CR.jpg,0.005604834
./data/compress/BALS181102_FR_CR.jpg,0.005481261
./data/compress/FOLW171135_FR_FL.jpg,0.005277589
./data/compress/UDLM182101_FR_CR.jpg,0.005223863
./data/compress/KXLS182203_FR_CR.jpg,0.005146107
./data/compress/FCLW171109_FR_FL.jpg,0.005090544
./data/compress/FOLW171182_FR_45.jpg,0.005082962
./data/compress/FTLW171134_FR_45.jpg,0.00499172
./data/compress/UDLM184104_FR_FL.jpg,0.004955565
./data/compress/FTLW171120_FR_CR.jpg,0.004840025
./data/compress/FTLW171106_FR_FL.jpg,0.004766388
./data/compress/SMLS183101_FR_FL.jpg,0.004618951
./data/compress/SSLS182439_FR_CR.jpg,0.004597499
./data/compress/FCLW171133_FR_FL.jpg,0.004596397
./data/compress/BHLM182303_FR_CR.jpg,0.004504458
./data/compress/CNLS182302_FR_CR.jpg,0.004498332
./data/compress/CCLS182414_FR_CR.jpg,0.004419523
./data/compress/SSLM184183_FR_CR.jpg,0.004315456
./data/compress/SSLM184105_FR_FL.jpg,0.00427046
./data/compress/KFLS181101_FR_45.jpg,0.004247059
./data/compress/SSLS183405_FR_FL.jpg,0.004197977
./data/compress/FOLW171153_FR_CR.jpg,0.004168525
./data/compress/SSLM184137_FR_CR.jpg,0.004052587
./data/compress/SSLM184150_FR_FL.jpg,0.004036266
./data/compress/UDLM182102_FR_FL.jpg,0.004035674
./data/compress/LHLM184164_FR_FL.jpg,0.003999526
./data/compress/BHLS197005_FR_2.jpg,0.003982651
./data/compress/LXLM184211_FR_FL.jpg,0.003982458
./data/compress/BHLM184105_FR_CR.jpg,0.003900973
./data/compress/SSLM183215_FR_FL.jpg,0.003869202
./data/compress/FCLW171117_FR_FL.jpg,0.003849735
./data/compress/SSLM182211_FR_CR.jpg,0.00380206
./data/compress/FCLW172101_FR_45.jpg,0.003633063
./data/compress/SSLM182205_FR_FL.jpg,0.003516971
./data/compress/BCLS182101_FR_FL.jpg,0.003510424
./data/compress/FWLW172103_FR_FL.jpg,0.003501568
./data/compress/SSLS183202_FR_FL.jpg,0.003417178
./data/compress/FPLW171174_FR_FL.jpg,0.003413749
./data/compress/BWLS181101_FR_CR.jpg,0.003370788
./data/compress/CJLS182201_FR_FL.jpg,0.003367947
./data/compress/FTLW171115_FR_45.jpg,0.003364712
./data/compress/FOLW171149_FR_FL.jpg,0.003323868
./data/compress/FULW172101_FR_FL.jpg,0.003312527
./data/compress/BHLS183103_FR_FL.jpg,0.003197444
./data/compress/SSLM183414_FR_CR.jpg,0.003075429
./data/compress/FJLW171132_FR_FL.jpg,0.003056811
./data/compress/FCLW172101_FR_CR.jpg,0.003019919
./data/compress/KJLS181102_FR_FL.jpg,0.002998504
./data/compress/STLM184301_FR_FL.jpg,0.002966436
./data/compress/LXLM183417_FR_FL.jpg,0.002957228
./data/compress/STLS183402_FR_CR.jpg,0.002948343
./data/compress/SSLS182407_FR_CR.jpg,0.002936797
./data/compress/LXLM184147_FR_FL.jpg,0.002930026
./data/compress/SCLM184103_FR_FL.jpg,0.002884823
./data/compress/CCLS181109_FR_CR.jpg,0.002857033
./data/compress/SSLM183319_FR_CR.jpg,0.002856148
./data/compress/SWLS181103_FR_FL.jpg,0.002849623
./data/compress/CCLM182402_FR_CR.jpg,0.00273695
./data/compress/SSLM183315_FR_CR.jpg,0.002718173
./data/compress/FTLW171105_FR_FL.jpg,0.002713903
./data/compress/CNLS182401_FR_CR.jpg,0.002713724
./data/compress/KJLM184102_FR_CR.jpg,0.002688299
./data/compress/FSLW171155_FR_45.jpg,0.002680347
./data/compress/CCLM182204_FR_CR.jpg,0.002663747
./data/compress/FOLW171161_FR_FL.jpg,0.002656453
./data/compress/SSLM184145_FR_FL.jpg,0.002645013
./data/compress/FPLW171172_FR_CR.jpg,0.002644602
./data/compress/BPLS181103_FR_FL.jpg,0.002583734
./data/compress/LXLM184475_FR_FL.jpg,0.002537282
./data/compress/CCLS182205_FR_CR.jpg,0.002527961
./data/compress/SSLM183222_FR_FL.jpg,0.002474111
./data/compress/SCLM182201_FR_FL.jpg,0.002472556
./data/compress/FPLW171149_FR_.jpg,0.002461474
./data/compress/SSLM183308_FR_FL.jpg,0.002436676
./data/compress/LHLM183105_FR_FL.jpg,0.002409844
./data/compress/SSLM183316_FR_CR.jpg,0.002333037
./data/compress/FWLW172103_FR_45.jpg,0.002302557
./data/compress/CCLS182415_FR_FL.jpg,0.00230075
./data/compress/FDLW171145_FR_FL.jpg,0.002298609
./data/compress/FOLW171188_FR_45.jpg,0.002282905
./data/compress/FDLW171118_FR_45.jpg,0.00221376
./data/compress/BHLS182402_FR_FL.jpg,0.002209825
./data/compress/FWLW172106_FR_FL.jpg,0.002187929
./data/compress/LSLM181104_FR_45.jpg,0.002185016
./data/compress/FSLW171180_FR_FL.jpg,0.002168267
./data/compress/LXLS196904_FR_45.jpg,0.002159402
./data/compress/FTLW171117_FR_45.jpg,0.002148649
./data/compress/BCLS181103_FR_FL.jpg,0.002138522
./data/compress/CCLS182419_FR_FL.jpg,0.002095709
./data/compress/FCLW171131_FR_FL.jpg,0.002093167
./data/compress/UDLM184111_FR_CR.jpg,0.002092556
./data/compress/SSLS182441_FR_FL.jpg,0.002080628
./data/compress/SCLM181202_FR_FL.jpg,0.002073759
./data/compress/KJLM184101_FR_CR.jpg,0.001994295
./data/compress/FSLW171136_FR_CR.jpg,0.001979982
./data/compress/KXLA184503_FR_CR.jpg,0.001949828
./data/compress/SSLS182437_FR_CR.jpg,0.001913261
./data/compress/SSLS182102_FR_FL.jpg,0.001894532
./data/compress/SSLS182103_FR_FL.jpg,0.001889845
./data/compress/SSLM183206_FR_CR.jpg,0.001882219
./data/compress/FDLW171130_FR_45.jpg,0.00187574
./data/compress/LXLM184428_FR_FL.jpg,0.00186871
./data/compress/LHLM181106_FR_45.jpg,0.001842054
./data/compress/FCLW171112_FR_FL.jpg,0.001840916
./data/compress/LXLS182207_FR_FL.jpg,0.001825175
./data/compress/BWLS182201_FR_CR.jpg,0.001811827
./data/compress/SCLS183110_FR_FL.jpg,0.001808315
./data/compress/FOLW171200_FR_FL.jpg,0.001802701
./data/compress/LXLM183210_FR_FL.jpg,0.001785551
./data/compress/SSLA184808_FR_FL.jpg,0.001764624
./data/compress/BWLM182202_FR_FL.jpg,0.001721688
./data/compress/LXLS181104_FR_FL.jpg,0.001719698
./data/compress/SSLM184427_FR_CR.jpg,0.001708548
./data/compress/LXLM184457_FR_FL.jpg,0.00169787
./data/compress/SSLS182217_FR_CR.jpg,0.001694257
./data/compress/FFLW171125_FR_CR.jpg,0.001662149
./data/compress/STLS182404_FR_FL.jpg,0.001661734
./data/compress/LHLM184424_FR_FL.jpg,0.001630981
./data/compress/BHLM183004_FR_CR.jpg,0.001595683
./data/compress/FYLW171112_FR_45.jpg,0.001585929
./data/compress/BHLS182302_FR_CR.jpg,0.001581577
./data/compress/SSLS182404_FR_45.jpg,0.001568831
./data/compress/BCLM182107_FR_FL.jpg,0.001555238
./data/compress/CJLS182401_FR_CR.jpg,0.00155387
./data/compress/FSLW172101_FR_FL.jpg,0.001545813
./data/compress/CCLS181103_FR_CR.jpg,0.001544782
./data/compress/SSLM183223_FR_FL.jpg,0.001487055
./data/compress/FSLW171195_FR_FL.jpg,0.001460478
./data/compress/CCLM182406_FR_FL.jpg,0.001455748
./data/compress/SSLS182411_FR_45.jpg,0.001444875
./data/compress/FDLW171157_FR_45.jpg,0.001442886
./data/compress/UDLM184110_FR_CR.jpg,0.001423409
./data/compress/SSLA185108_FR_FL.jpg,0.001419009
./data/compress/LXFA185402_FR_45.jpg,0.001417562
./data/compress/FTLW171123_FR_FL.jpg,0.00141278
./data/compress/SSLM184444_FR_CR.jpg,0.001380552
./data/compress/FJLW171126_FR_FL.jpg,0.001377738
./data/compress/LXLM184305_FR_FL.jpg,0.001376997
./data/compress/FFLW171124_FR_FL.jpg,0.001376735
./data/compress/LXLM184456_FR_FL.jpg,0.001362294
./data/compress/BHLM182303_FR_FL.jpg,0.001361749
./data/compress/FTLW171123_FR_CR.jpg,0.001358987
./data/compress/LXLM183418_FR_FL.jpg,0.001358541
./data/compress/SSLM183320_FR_FL.jpg,0.001357046
./data/compress/BALS182410_FR_FL.jpg,0.001348545
./data/compress/FSLW171119_FR_45.jpg,0.001342913
./data/compress/FFLW171124_FR_CR.jpg,0.001318953
./data/compress/BHLS183201_FR_CR.jpg,0.001307339
./data/compress/SWLS181101_FR_CR.jpg,0.001290261
./data/compress/FDLW171142_FR_45.jpg,0.001284092
./data/compress/BALS183102_FR_CR.jpg,0.001263094
./data/compress/KMLM184105_FR_FL.jpg,0.001261514
./data/compress/KJFA184802_FR_CR.jpg,0.001256676
./data/compress/SSLM181201_FR_45.jpg,0.001251987
./data/compress/LALS183105_FR_FL.jpg,0.001227287
./data/compress/FOLW171180_FR_FL.jpg,0.001219743
./data/compress/FDLW171158_FR_45.jpg,0.001207757
./data/compress/BHLS183402_FR_FL.jpg,0.001187151
./data/compress/KMLM184105_FR_CR.jpg,0.001157166
./data/compress/UDLS182103_FR_FL.jpg,0.001144172
./data/compress/SSLS182410_FR_FL.jpg,0.001131259
./data/compress/SCLS195901_FR_45.jpg,0.001094268
./data/compress/FDLW171145_FR_CR.jpg,0.00108638
./data/compress/SSLM183006_FR_CR.jpg,0.001084086
./data/compress/SSLS182412_FR_FL.jpg,0.001070531
./data/compress/FOLW171159_FR_FL.jpg,0.001063532
./data/compress/SSLM184165_FR_CR.jpg,0.001059031
./data/compress/LALS183103_FR_45.jpg,0.001056072
./data/compress/CCLS181202_FR_CR.jpg,0.001052552
./data/compress/FOLW171155_FR_FL.jpg,0.001033956
./data/compress/LXLW186205_FR_45.jpg,0.001027811
./data/compress/BWLS181201_FR_FL.jpg,0.001027204
./data/compress/LALM184413_FR_FL.jpg,0.001015973
./data/compress/BHLM182201_FR_CR.jpg,0.001008811
./data/compress/UDLM182403_FR_CR.jpg,0.00100631
./data/compress/SSLM183210_FR_FL.jpg,0.000999843
./data/compress/SSLS182111_FR_FL.jpg,0.000995553
./data/compress/UDLM184301_FR_CR.jpg,0.000994208
./data/compress/FTLW171134_FR_FL.jpg,0.000980711
./data/compress/KXLS182204_FR_CR.jpg,0.000968688
./data/compress/SWLS181102_FR_CR.jpg,0.000964904
./data/compress/FPLW171141_FR_CR.jpg,0.000961397
./data/compress/FDLW171129_FR_45.jpg,0.000958623
./data/compress/CCLS182415_FR_CR.jpg,0.000955908
./data/compress/FFLW171120_FR_FL.jpg,0.000950872
./data/compress/FSLW171182_FR_FL.jpg,0.00095037
./data/compress/LHLM182313_FR_FL.jpg,0.000949358
./data/compress/BCLM183204_FR_FL.jpg,0.000947094
./data/compress/LXLS182404_FR_45.jpg,0.000944039
./data/compress/BHLS197902_FR_45.jpg,0.000942711
./data/compress/SSLM184133_FR_FL.jpg,0.000939871
./data/compress/FDLW171197_FR_45.jpg,0.000935526
./data/compress/LXLM184426_FR_FL.jpg,0.000934591
./data/compress/SSLS182201_FR_FL.jpg,0.000930038
./data/compress/SSLS181201_FR_FL.jpg,0.000910247
./data/compress/LHLM184143_FR_FL.jpg,0.0009076
./data/compress/FJLW171120_FR_CR.jpg,0.000900361
./data/compress/CCLM182410_FR_CR.jpg,0.000878541
./data/compress/FJLW171110_FR_45.jpg,0.00087801
./data/compress/SSLM184159_FR_FL.jpg,0.000876595
./data/compress/FDLW171114_FR_45.jpg,0.000874796
./data/compress/SSLS182306_FR_FL.jpg,0.000863495
./data/compress/KRLS196701_FR_45.jpg,0.000858275
./data/compress/FSLW171140_FR_CR.jpg,0.000822999
./data/compress/SSLS182218_FR_FL.jpg,0.000818408
./data/compress/STLM182109_FR_CR.jpg,0.00081629
./data/compress/LXLS182106_FR_1_.jpg,0.000805382
./data/compress/SSLM184177_FR_CR.jpg,0.000804461
./data/compress/CCLM184415_FR_FL.jpg,0.000800233
./data/compress/LHLM183202_FR_FL.jpg,0.000797445
./data/compress/SSLS182301_FR_FL.jpg,0.000795163
./data/compress/LXLM183317_FR_FL.jpg,0.000794607
./data/compress/SSFS197607_CCLA185002_FR_45.jpg,0.000792514
./data/compress/SCLM181201_FR_FL.jpg,0.00077927
./data/compress/SSLM184136_FR_FL.jpg,0.000765754
./data/compress/BALS182401_FR_FL.jpg,0.000765631
./data/compress/LXLM184102_FR_FL.jpg,0.000764738
./data/compress/BCLM182102_FR_FL.jpg,0.000754878
./data/compress/SSLM183102_FR_CR.jpg,0.000739622
./data/compress/SSLS197801_FR_45.jpg,0.000739614
./data/compress/CXLS197001_FR_45.jpg,0.000739614
./data/compress/BHLM183006_FR_CR.jpg,0.000732377
./data/compress/KXLS182105_FR_FL.jpg,0.000730187
./data/compress/SSLS182407_FR_45.jpg,0.000702644
./data/compress/LHLM184441_FR_FL.jpg,0.000701586
./data/compress/SSLS182108_FR_CR.jpg,0.000694153
./data/compress/FSLW171101_FR_CR.jpg,0.000688314
./data/compress/FFLW171145_FR_FL.jpg,0.000686373
./data/compress/KNLS182102_FR_FL.jpg,0.000682507
./data/compress/KXLS181105_FR_FL.jpg,0.00067492
./data/compress/SSLM182106_FR_CR.jpg,0.000671748
./data/compress/LALS182403_FR_45.jpg,0.000658133
./data/compress/SWLS181106_FR_FL.jpg,0.000651885
./data/compress/SSLM183407_FR_CR.jpg,0.000651409
./data/compress/UDLS182102_FR_FL.jpg,0.000649326
./data/compress/FWLW171120_FR_45.jpg,0.00064721
./data/compress/SSLM183105_FR_FL.jpg,0.000646424
./data/compress/SSLS183203_FR_CR.jpg,0.00063747
./data/compress/CCLM183203_FR_CR.jpg,0.000636266
./data/compress/LXLM184138_FR_FL.jpg,0.00063528
./data/compress/FSLW171153_FR_FL.jpg,0.000622145
./data/compress/SSLM184169_FR_CR.jpg,0.000620276
./data/compress/SSLM184102_FR_FL.jpg,0.000616057
./data/compress/SSLM182206_FR_FL.jpg,0.000615629
./data/compress/SSLM183110_FR_FL.jpg,0.00061434
./data/compress/FOLW171121_FR_FL.jpg,0.00061374
./data/compress/FOLW171197_FR_45_.jpg,0.000612172
./data/compress/BALM184102_FR_FL.jpg,0.000598986
./data/compress/FDLW171172_FR_FL.jpg,0.000598901
./data/compress/SSLS182306_FR_CR.jpg,0.000596381
./data/compress/UDLM183002_FR_FL.jpg,0.000595109
./data/compress/FJLW171120_FR_45.jpg,0.000587888
./data/compress/STLS181103_FR_FL.jpg,0.00058366
./data/compress/BALS183113_FR_CR.jpg,0.000576894
./data/compress/SSLM184461_FR_FL.jpg,0.000574487
./data/compress/FSLW171127_FR_FL.jpg,0.000560592
./data/compress/FSLW171101_FR_45.jpg,0.000556787
./data/compress/FOLW171163_FR_FL.jpg,0.000555656
./data/compress/SSLM182412_FR_FL.jpg,0.000553287
./data/compress/FPLW171165_FR_45.jpg,0.000552688
./data/compress/CCLM183305_FR_CR.jpg,0.000551363
./data/compress/SSLS183102_FR_FL.jpg,0.000550975
./data/compress/FOLW171212_FR_FL.jpg,0.000547595
./data/compress/SSLS182407_FR_FL.jpg,0.000546356
./data/compress/FJLW171104_FR_FL.jpg,0.000544036
./data/compress/SSLM183318_FR_CR.jpg,0.000542087
./data/compress/SSLM183305_FR_CR.jpg,0.000527771
./data/compress/SSLS181125_FR_FL.jpg,0.000515216
./data/compress/LXLM184312_FR_FL.jpg,0.000509665
./data/compress/UDLM182409_FR_CR.jpg,0.000508386
./data/compress/SSLM184425_FR_CR.jpg,0.000506841
./data/compress/FDLW171152_FR_FL.jpg,0.000506454
./data/compress/FDLW171195_FR_45.jpg,0.000506371
./data/compress/BCLM182201_FR_CR.jpg,0.000497936
./data/compress/CCLM184115_FR_CR.jpg,0.000485232
./data/compress/SSLM184162_FR_FL.jpg,0.000483169
./data/compress/CCLM183204_FR_FL.jpg,0.000478773
./data/compress/SSLM184425_FR_FL.jpg,0.000478331
./data/compress/LXLM184422_FR_FL.jpg,0.000477471
./data/compress/LXLM183319_FR_FL.jpg,0.000466976
./data/compress/LXLS197505_FR_45.jpg,0.000466625
./data/compress/FSLW171153_FR_45.jpg,0.000464974
./data/compress/SSLA184906_FR_FL.jpg,0.000460187
./data/compress/CCFW186403_FR_45.jpg,0.000459883
./data/compress/SSLS182431_FR_CR.jpg,0.000455111
./data/compress/FCLW171137_FR_45.jpg,0.00045265
./data/compress/SCLM183101_FR_FL.jpg,0.000451292
./data/compress/CCLM184108_FR_CR.jpg,0.000448232
./data/compress/LXLS183118_FR_45.jpg,0.000444907
./data/compress/BALM182405_FR_CR.jpg,0.000441565
./data/compress/LHLM182311_FR_FL.jpg,0.000440072
./data/compress/KXFS197304_FR_45.jpg,0.000437647
./data/compress/LHLS183114_FR_FL.jpg,0.000437222
./data/compress/SSLS181122_FR_FL.jpg,0.0004371
./data/compress/LHLS182102_FR_FL.jpg,0.000436839
./data/compress/SSLM184164_FR_FL.jpg,0.000430589
./data/compress/FSLW171162_FR_45.jpg,0.00042545
./data/compress/FBLS181101_FR_CR.jpg,0.000422305
./data/compress/LXLM183029_FR_FL.jpg,0.000421217
./data/compress/LXLM182210_FR_FL.jpg,0.000420498
./data/compress/CCLM182103_FR_CR.jpg,0.00041953
./data/compress/LXLS182209_FR_FL.jpg,0.000418707
./data/compress/BCLM183006_FR_FL.jpg,0.000415717
./data/compress/SWLS181103_FR_CR.jpg,0.000413605
./data/compress/SWLS181201_FR_FL.jpg,0.000408904
./data/compress/LXLM183416_FR_FL.jpg,0.000408304
./data/compress/CNLM183201_FR_FL.jpg,0.000407502
./data/compress/LXLM184148_FR_FL.jpg,0.000405938
./data/compress/FPLW171162_FR_FL.jpg,0.000404549
./data/compress/LHLM184138_FR_FL.jpg,0.000402282
./data/compress/LXLM184316_FR_FL.jpg,0.000401632
./data/compress/CCLM182408_FR_CR.jpg,0.000399517
./data/compress/LXLS190115_FR_45.jpg,0.000397582
./data/compress/UDLM182402_FR_CR.jpg,0.000393609
./data/compress/SSLS181104_FR_CR.jpg,0.000393419
./data/compress/UDLM182409_FR_FL.jpg,0.000391992
./data/compress/FOLW171122_FR_FL.jpg,0.00038854
./data/compress/SSLM184178_FR_FL.jpg,0.000388011
./data/compress/CCLM184302_FR_CR.jpg,0.000385208
./data/compress/SSLS182411_FR_CR.jpg,0.000373816
./data/compress/SSLM183320_FR_CR.jpg,0.000373652
./data/compress/FFLW171120_FR_CR.jpg,0.000371864
./data/compress/CNLS182403_FR_FL.jpg,0.000370782
./data/compress/BCLS181101_FR_CR.jpg,0.000370149
./data/compress/SSLS182427_FR_FL.jpg,0.000367651
./data/compress/SSLM184107_FR_FL.jpg,0.000361437
./data/compress/LHLM184316_FR_FL.jpg,0.000360399
./data/compress/SSLM184128_FR_CR.jpg,0.000359129
./data/compress/STLM184104_FR_FL.jpg,0.000353539
./data/compress/LXLS182303_FR_FL.jpg,0.000352877
./data/compress/SSLM184120_FR_FL.jpg,0.000352609
./data/compress/FOLW171156_FR_45.jpg,0.000351957
./data/compress/STLS182401_FR_FL.jpg,0.000344029
./data/compress/SSLS181110_FR_FL.jpg,0.000341679
./data/compress/BCLM183402_FR_CR.jpg,0.000338848
./data/compress/FCLW171144_FR_FL.jpg,0.000337377
./data/compress/SSLM184418_FR_CR.jpg,0.000336777
./data/compress/CNLS182302_FR_FL.jpg,0.000330115
./data/compress/FYLW171115_FR_FL.jpg,0.000328523
./data/compress/KXFS197701_FR_45.jpg,0.000327007
./data/compress/STLM183203_FR_FL.jpg,0.000326296
./data/compress/SSM182401_FR_CR.jpg,0.000325949
./data/compress/KJLM182201_FR_45.jpg,0.000322792
./data/compress/BALM181201_FR_CR.jpg,0.000322302
./data/compress/SSLS182216_FR_FL.jpg,0.000320654
./data/compress/LHLM184432_FR_FL.jpg,0.000319329
./data/compress/STLM181201_FR_FL.jpg,0.000315738
./data/compress/SSLS182404_FR_CR.jpg,0.000315227
./data/compress/FCLW172102_FR_CR.jpg,0.000314932
./data/compress/SSLS182110_FR_CR.jpg,0.000304229
./data/compress/SWLS181104_FR_CR.jpg,0.00030297
./data/compress/KFLS197201_FR_45.jpg,0.000301377
./data/compress/SCLS182302_FR_FL.jpg,0.000298728
./data/compress/LHLM184153_FR_FL.jpg,0.000292156
./data/compress/SSLM184148_FR_FL.jpg,0.000291533
./data/compress/SSLS181201_FR_CR.jpg,0.000289333
./data/compress/SSLS182403_FR_CR.jpg,0.00028514
./data/compress/SSLS182416_FR_FL.jpg,0.00028499
./data/compress/SSLM182203_FR_FL.jpg,0.000284882
./data/compress/LHM184403_FR_FL.jpg,0.000283655
./data/compress/SSLS182210_FR_CR.jpg,0.000282178
./data/compress/SWLM183401_FR_FL.jpg,0.000281948
./data/compress/STLS181201_FR_CR.jpg,0.000280893
./data/compress/SSLS182105_FR_FL.jpg,0.00027949
./data/compress/SSLM181102_FR_FL.jpg,0.000279242
./data/compress/CCLM182108_FR_FL.jpg,0.000278078
./data/compress/CXLM184103_FR_FL.jpg,0.000275935
./data/compress/CLLM183201_FR_FL.jpg,0.000274076
./data/compress/LXLM184407_FR_FL.jpg,0.000273824
./data/compress/CCLM181105_FR_FL.jpg,0.000273104
./data/compress/LXLM184141_FR_FL.jpg,0.000272236
./data/compress/SSLM182412_FR_CR.jpg,0.000264855
./data/compress/SSLS182310_FR_CR.jpg,0.00026353
./data/compress/CJLS182401_FR_FL.jpg,0.000263119
./data/compress/FFLW171112_FR_45.jpg,0.000261799
./data/compress/STLM183007_FR_CR.jpg,0.00026174
./data/compress/LXLS190401_FR_45.jpg,0.000260802
./data/compress/LHLM184423_FR_FL.jpg,0.000259326
./data/compress/BALM182406_FR_CR.jpg,0.000256815
./data/compress/KMLM184404_FR_CR.jpg,0.000256249
./data/compress/SSLM184407_FR_FL.jpg,0.000253649
./data/compress/KXLS182108_FR_CR.jpg,0.00025133
./data/compress/STLM183007_FR_FL.jpg,0.000251156
./data/compress/KXLS181105_FR_CR.jpg,0.000248783
./data/compress/LXLS182204_FR_FL.jpg,0.000248738
./data/compress/CXLM181101_FR_FL.jpg,0.000248185
./data/compress/FSLW171107_FR_FL.jpg,0.000244333
./data/compress/SSLM184130_FR_CR.jpg,0.000242789
./data/compress/SSLM184413_FR_FL.jpg,0.000242478
./data/compress/SSLS181119_FR_CR.jpg,0.000242179
./data/compress/STLM184103_FR_FL.jpg,0.000241352
./data/compress/LXLM184152_FR_FL.jpg,0.000239686
./data/compress/STLS181102_FR_FL.jpg,0.000238076
./data/compress/BALM182301_FR_FL.jpg,0.000236542
./data/compress/SSLA184924_FR_FL.jpg,0.00023486
./data/compress/KXLM184201_FR_CR.jpg,0.000234668
./data/compress/SSLA185701_FR_45.jpg,0.000227732
./data/compress/FDLW171109_FR_45.jpg,0.000227003
./data/compress/FJLW171105_FR_FL.jpg,0.00022698
./data/compress/SWLS190105_FR_45.jpg,0.000225467
./data/compress/SSLA184810_FR_FL.jpg,0.000223842
./data/compress/SSLS182401_FR_CR.jpg,0.000222525
./data/compress/FOLW172103_FR_CR.jpg,0.00022161
./data/compress/SSLS181123_FR_CR.jpg,0.000220167
./data/compress/LXLM183004_FR_FL.jpg,0.000218372
./data/compress/CCLM183205_FR_FL.jpg,0.000217034
./data/compress/CCLS182404_FR_FL.jpg,0.000216693
./data/compress/FWLW171120_FR_CR.jpg,0.00021403
./data/compress/CNLS182402_FR_FL.jpg,0.000213903
./data/compress/LXLA185102_FR_FL.jpg,0.000213565
./data/compress/FOLW171103_FR_45.jpg,0.000212085
./data/compress/FOLW171209_FR_FL.jpg,0.000211627
./data/compress/SSLM184424_FR_FL.jpg,0.000211586
./data/compress/BWLS181102_FR_FL.jpg,0.000210819
./data/compress/KNLS182301_FR_CR.jpg,0.000210041
./data/compress/SSLM184146_FR_FL.jpg,0.00020938
./data/compress/FDLW171128_FR_45.jpg,0.000205035
./data/compress/BHLS181205_FR_CR.jpg,0.000203977
./data/compress/UDLM184112_FR_FL.jpg,0.000203604
./data/compress/FYLW171106_FR_45.jpg,0.000202597
./data/compress/SCLS183110_FR_CR.jpg,0.000202593
./data/compress/SCLA184503_FR_CR.jpg,0.000202003
./data/compress/KJLS190101_FR_45.jpg,0.000200452
./data/compress/BALS182102_FR_CR.jpg,0.000199862
./data/compress/BALM184102_FR_CR.jpg,0.000199549
./data/compress/SSLM184310_FR_FL.jpg,0.000198959
./data/compress/FPLW171120_FR_45.jpg,0.000196626
./data/compress/FOLW171107_FR_FL.jpg,0.00019636
./data/compress/CCLM184119_FR_FL.jpg,0.000196165
./data/compress/LHLM184422_FR_FL.jpg,0.000195861
./data/compress/BALS181102_FR_FL.jpg,0.000195644
./data/compress/SSLS181110_FR_CR.jpg,0.000195085
./data/compress/LSLM184402_FR_FL.jpg,0.000194999
./data/compress/CCLM182207_FR_CR.jpg,0.000194498
./data/compress/FWLW172107_FR_FL.jpg,0.000194116
./data/compress/KXLA184514_FR_FL.jpg,0.000192969
./data/compress/SBLS182108_FR_CR.jpg,0.000192924
./data/compress/LXLM184421_FR_FL.jpg,0.000192175
./data/compress/LHLM184430_FR_FL.jpg,0.000192154
./data/compress/STLM184103_FR_CR.jpg,0.000190846
./data/compress/LXLS182402_FR_FL.jpg,0.000189158
./data/compress/STLM184402_FR_CR.jpg,0.000189105
./data/compress/SSLM182112_FR_FL.jpg,0.000188396
./data/compress/BALM182104_FR_FL.jpg,0.000187326
./data/compress/SCLS181107_FR_FL.jpg,0.00018708
./data/compress/LXLM184414_FR_FL.jpg,0.000186698
./data/compress/KFLS182401_FR_45.jpg,0.00018294
./data/compress/FSLW171121_FR_45.jpg,0.000178284
./data/compress/CNLM183202_FR_FL.jpg,0.000178146
./data/compress/FOLW172101_FR_CR.jpg,0.000177769
./data/compress/SCLS182103_FR_FL.jpg,0.000177432
./data/compress/SSLM184407_FR_CR.jpg,0.000177199
./data/compress/FPLW171152_FR_FL.jpg,0.000175205
./data/compress/SSLM184415_FR_CR.jpg,0.000174964
./data/compress/FFLW171125_FR_45.jpg,0.000174915
./data/compress/LXLS182308_FR_FL.jpg,0.000173645
./data/compress/FOLW172102_FR_CR.jpg,0.00017361
./data/compress/UDLM183401_FR_FL.jpg,0.000172826
./data/compress/KXLA184503_FR_FL.jpg,0.000172214
./data/compress/LHLM184303_FR_FL.jpg,0.000172021
./data/compress/BPLS182401_FR_FL.jpg,0.000171396
./data/compress/FPLW171125_FR_CR.jpg,0.000171069
./data/compress/LSFS197702_FR_45.jpg,0.000169085
./data/compress/LXLS190109_FR_45.jpg,0.000167951
./data/compress/UDLS190101_FR_45.jpg,0.000167728
./data/compress/SSLS182207_FR_FL.jpg,0.000165213
./data/compress/SSLS182410_FR_CR.jpg,0.000162373
./data/compress/CNLS181203_FR_FL.jpg,0.000161503
./data/compress/SBLM182201_FR_CR.jpg,0.000161446
./data/compress/CCLM182206_FR_CR.jpg,0.00016013
./data/compress/SSLM184122_FR_FL.jpg,0.00015896
./data/compress/SSLM184401_FR_FL.jpg,0.000158513
./data/compress/BHLS182403_FR_FL.jpg,0.000157171
./data/compress/SMLA184506_FR_FL.jpg,0.000156367
./data/compress/KXLS182201_FR_CR.jpg,0.000155945
./data/compress/LXLS182408_FR_45.jpg,0.000155075
./data/compress/BCLS182201_FR_FL.jpg,0.000154506
./data/compress/SSLS190108_FR_45.jpg,0.000153422
./data/compress/SSLS182213_FR_FL.jpg,0.000153133
./data/compress/SSLS181108_FR_CR.jpg,0.000152529
./data/compress/SSFS197406_FR_1.jpg,0.000152022
./data/compress/SSLS182307_FR_45.jpg,0.000151717
./data/compress/KJLS182301_FR_CRFL.jpg,0.000151202
./data/compress/KXLS182104_FR_FL.jpg,0.000148955
./data/compress/FDLW171105_FR_45.jpg,0.000148373
./data/compress/BHLS183201_FR_FL.jpg,0.000147853
./data/compress/LXLM184424_FR_FL.jpg,0.000145275
./data/compress/BALM181201_FR_FL.jpg,0.000141929
./data/compress/STLS182406_FR_CR.jpg,0.000140928
./data/compress/LXLS182211_FR_45.jpg,0.000137413
./data/compress/BCLS182205_FR_FL.jpg,0.000133279
./data/compress/LXLA184517_FR_1_.jpg,0.000132747
./data/compress/SSLM184402_FR_CR.jpg,0.000132635
./data/compress/SSLS182314_FR_CR.jpg,0.000132493
./data/compress/CCLS182301_FR_CR.jpg,0.000132172
./data/compress/CCLS181109_FR_FL.jpg,0.000130569
./data/compress/LHLA185302_FR_FL.jpg,0.000130288
./data/compress/SSLM183006_FR_FL.jpg,0.000130109
./data/compress/SCLA184509_FR_FL.jpg,0.0001291
./data/compress/LHLM182304_FR_FL.jpg,0.000128889
./data/compress/SSLS182105_FR_CR.jpg,0.000127784
./data/compress/FSLW171121_FR_FL.jpg,0.000126482
./data/compress/LXLM183415_FR_FL.jpg,0.000126109
./data/compress/SSLS182435_FR_FL.jpg,0.000125021
./data/compress/KXFA184701_FR_CR.jpg,0.00012473
./data/compress/SSLM183205_FR_FL.jpg,0.000124668
./data/compress/LHLM184412_FR_FL.jpg,0.000124085
./data/compress/BALW186401_FR_45.jpg,0.000117446
./data/compress/SCLW186401_FR_45.jpg,0.000117446
./data/compress/FDLW171201_FR_FL.jpg,0.000117315
./data/compress/SSLM183419_FR_FL.jpg,0.000117027
./data/compress/LHLM184113_FR_FL.jpg,0.000115805
./data/compress/FTLW171136_FR_FL.jpg,0.000115788
./data/compress/UDLM182405_FR_CR.jpg,0.000115769
./data/compress/FWLW171114_FR_CR.jpg,0.000114992
./data/compress/UDLS183101_FR_CR.jpg,0.000114526
./data/compress/LHLM184165_FR_FL.jpg,0.000113941
./data/compress/kylw186108_FR_45_1.jpg,0.000113187
./data/compress/SSLM184137_FR_FL.jpg,0.000113176
./data/compress/SSLS182304_FR_CR.jpg,0.000112017
./data/compress/FSLW171191_FR_FL.jpg,0.000111346
./data/compress/FWLW171121_FR_CR.jpg,0.000111232
./data/compress/SSLM182203_FR_CR.jpg,0.000109423
./data/compress/KFLM183001_FR_FL.jpg,0.00010827
./data/compress/LHLM184115_FR_FL.jpg,0.000106567
./data/compress/CCLM182410_FR_FL.jpg,0.000104575
./data/compress/SCLS181107_FR_CR.jpg,0.000103594
./data/compress/LXLM183407_FR_FL.jpg,0.000103523
./data/compress/SCLM181204_FR_FL.jpg,0.000103145
./data/compress/CNLS181202_FR_FL.jpg,0.000102748
./data/compress/SBLM183011_FR_FL.jpg,0.000102632
./data/compress/SSLM183210_FR_CR.jpg,0.000102568
./data/compress/FDLW171122_FR_45.jpg,0.000100111
./data/compress/CCLS182418_FR_FL.jpg,0.000100029
./data/compress/CCLM182203_FR_FL.jpg,1.00E-04
./data/compress/SSLM183211_FR_FL.jpg,9.99E-05
./data/compress/SCLM182402_FR_FL.jpg,9.97E-05
./data/compress/FOLW171201_FR_CR.jpg,9.95E-05
./data/compress/LHFA5501_FR_FL.jpg,9.95E-05
./data/compress/LXLM184204_FR_FL.jpg,9.92E-05
./data/compress/CCLM183201_FR_FL.jpg,9.92E-05
./data/compress/LHLM184433_FR_FL.jpg,9.69E-05
./data/compress/SSA184501_FR_FL.jpg,9.43E-05
./data/compress/LXLM184442_FR_FL.jpg,9.16E-05
./data/compress/CCLM184408_FR_CR.jpg,9.15E-05
./data/compress/SSLS182213_FR_CR.jpg,9.10E-05
./data/compress/SSLM183306_FR_FL.jpg,8.98E-05
./data/compress/LXLM183028_FR_FL.jpg,8.88E-05
./data/compress/SSLM183411_FR_FL.jpg,8.84E-05
./data/compress/KMLM184301_FR_FL.jpg,8.83E-05
./data/compress/SCLM183004_FR_CR.jpg,8.83E-05
./data/compress/SSLS182112_FR_FL.jpg,8.79E-05
./data/compress/BHLM184105_FR_FL.jpg,8.73E-05
./data/compress/LXLS182101_FR_FL.jpg,8.71E-05
./data/compress/STLM183305_FR_CR.jpg,8.46E-05
./data/compress/CCLS183404_FR_FL.jpg,8.23E-05
./data/compress/LXLM183412_FR_FL.jpg,8.20E-05
./data/compress/KKLW185306_FR_FL.jpg,7.81E-05
./data/compress/SBLS181103_FR_FL.jpg,7.76E-05
./data/compress/SSLM184402_FR_FL.jpg,7.72E-05
./data/compress/BCLM183403_FR_FL.jpg,7.66E-05
./data/compress/LHLM184311_FR_FL.jpg,7.55E-05
./data/compress/KXLS181106_FR_CR_.jpg,7.55E-05
./data/compress/SCLM182103_FR_FL.jpg,7.25E-05
./data/compress/BCLS182204_FR_CR.jpg,7.24E-05
./data/compress/BHLS183107_FR_CR.jpg,7.22E-05
./data/compress/KJLS181101_FR_CR.jpg,7.20E-05
./data/compress/SSLS182211_FR_CR.jpg,7.17E-05
./data/compress/SSLS182432_FR_CR.jpg,7.08E-05
./data/compress/BCLS181104_FR_FLjpg.jpg,7.05E-05
./data/compress/SWLS190106_FR_45.jpg,6.99E-05
./data/compress/LXLS197104_FR_45.jpg,6.99E-05
./data/compress/SSLM184406_FR_FL.jpg,6.96E-05
./data/compress/FDLW171176_FR_45.jpg,6.92E-05
./data/compress/SSLM184428_FR_CR.jpg,6.91E-05
./data/compress/KXLS181201_FR_FL.jpg,6.90E-05
./data/compress/SSLM184153_FR_FL.jpg,6.62E-05
./data/compress/CCLM184302_FR_FL.jpg,6.58E-05
./data/compress/SCLM181204_FR_CR.jpg,6.57E-05
./data/compress/LXLM183076_FR_FL.jpg,6.49E-05
./data/compress/FDLW171111_FR_45.jpg,6.35E-05
./data/compress/STLM181108_FR_FL.jpg,6.31E-05
./data/compress/CCLS183101_FR_FL.jpg,6.20E-05
./data/compress/CCLS182417_FR_CR.jpg,6.12E-05
./data/compress/FJLW171103_FR_CR.jpg,6.06E-05
./data/compress/SSLM184128_FR_FL.jpg,6.06E-05
./data/compress/SSLM184179_FR_FL.jpg,6.01E-05
./data/compress/SWLA184902_FR_CR.jpg,5.99E-05
./data/compress/KFLS182401_FR_FL.jpg,5.98E-05
./data/compress/KXLS182102_FR_FL.jpg,5.85E-05
./data/compress/LXLA184526_FR_FL.jpg,5.80E-05
./data/compress/LXLM183212_FR_FL.jpg,5.77E-05
./data/compress/UDLM184402_FR_CR.jpg,5.72E-05
./data/compress/FULW171101_FR_FL.jpg,5.67E-05
./data/compress/SSLM184130_FR_FL.jpg,5.66E-05
./data/compress/LXLM183010_FR_FL.jpg,5.57E-05
./data/compress/LXLA184540_FR_FL.jpg,5.56E-05
./data/compress/SSLM184204_FR_CR.jpg,5.51E-05
./data/compress/SCLM183005_FR_CR.jpg,5.44E-05
./data/compress/LHFA6001_FR_45.jpg,5.43E-05
./data/compress/LXLS182307_FR_FL.jpg,5.39E-05
./data/compress/SSLM184167_FR_FL.jpg,5.37E-05
./data/compress/LXLS182305_FR_CR.jpg,5.37E-05
./data/compress/LXLM184458_FR_FL.jpg,5.28E-05
./data/compress/SSLS182415_FR_FL.jpg,5.20E-05
./data/compress/LXLM182103_FR_FL.jpg,5.15E-05
./data/compress/KJLS181101_FR_FL.jpg,5.14E-05
./data/compress/LHLM183408_FR_FL.jpg,5.10E-05
./data/compress/BCLS182104_FR_FL.jpg,4.94E-05
./data/compress/SSLS183203_FR_FL.jpg,4.92E-05
./data/compress/BALS182413_FR_FL.jpg,4.92E-05
./data/compress/SSLM183101_FR_FL.jpg,4.87E-05
./data/compress/LXLS183401_FR_45.jpg,4.85E-05
./data/compress/SMLA184507_FR_CR.jpg,4.81E-05
./data/compress/SSLM182103_FR_CR.jpg,4.81E-05
./data/compress/LHLM183303_FR_FL.jpg,4.76E-05
./data/compress/FPLW171149_FR_FL.jpg,4.71E-05
./data/compress/SSLS182207_FR_CR.jpg,4.65E-05
./data/compress/LXLM184320_FR_FL.jpg,4.64E-05
./data/compress/FSLW171155_FR_FL.jpg,4.56E-05
./data/compress/FOLW171195_FR_FL.jpg,4.54E-05
./data/compress/SSLS182215_FR_FL.jpg,4.49E-05
./data/compress/SSLM182117_FR_FL.jpg,4.47E-05
./data/compress/FDLW171134_FR_45.jpg,4.39E-05
./data/compress/BALS182416_FR_CR.jpg,4.38E-05
./data/compress/SMLS196703_FR_1.jpg,4.34E-05
./data/compress/SCLS181106_FR_CR.jpg,4.29E-05
./data/compress/BHLS182104_FR_FL.jpg,4.28E-05
./data/compress/SBLS182103_FR_CR.jpg,4.27E-05
./data/compress/SSLS182208_FR_CR.jpg,4.27E-05
./data/compress/BCLM183301_FR_FL.jpg,4.22E-05
./data/compress/SWFA185503_FR_CR.jpg,4.17E-05
./data/compress/SSLM184147_FR_CR.jpg,4.15E-05
./data/compress/UDLM182104_FR_FL.jpg,4.11E-05
./data/compress/SSLM184432_FR_CR.jpg,4.00E-05
./data/compress/LHFA185001_FR_FL.jpg,3.98E-05
./data/compress/KXLW185301_FR_CR.jpg,3.92E-05
./data/compress/LXLM184433_FR_FL.jpg,3.91E-05
./data/compress/CCLM184410_FR_CR.jpg,3.89E-05
./data/compress/SSLM184309_FR_FL.jpg,3.89E-05
./data/compress/FOLW172102_FR_FL.jpg,3.86E-05
./data/compress/KNLS181103_FR_FL.jpg,3.84E-05
./data/compress/LHLS196903_FR_45.jpg,3.82E-05
./data/compress/SSLM183008_FR_FL.jpg,3.82E-05
./data/compress/SCLM182102_FR_CR.jpg,3.81E-05
./data/compress/FPLW171165_FR_FL.jpg,3.75E-05
./data/compress/BCLM181201_FR_CR.jpg,3.64E-05
./data/compress/SMLA184507_FR_FL.jpg,3.63E-05
./data/compress/SSLS182435_FR_CR.jpg,3.57E-05
./data/compress/SCFS197702_FR_45.jpg,3.57E-05
./data/compress/SSLS182104_FR_45.jpg,3.51E-05
./data/compress/CCLS182101_FR_FL.jpg,3.46E-05
./data/compress/FWLW171114_FR_45.jpg,3.43E-05
./data/compress/STLS183102_FR_FL.jpg,3.36E-05
./data/compress/CCLS182417_FR_FL.jpg,3.27E-05
./data/compress/SSLS182204_FR_CR.jpg,3.23E-05
./data/compress/SSLM183214_FR_CR.jpg,3.21E-05
./data/compress/KXLM184104_FR_FL.jpg,3.17E-05
./data/compress/LHFA185604_FR_45.jpg,3.17E-05
./data/compress/FTLW171125_FR_CR.jpg,3.05E-05
./data/compress/SSLA184910_FR_45.jpg,2.87E-05
./data/compress/SSLS182112_FR_CR.jpg,2.84E-05
./data/compress/FWLW172107_FR_CR.jpg,2.79E-05
./data/compress/SSLM183110_FR_CR.jpg,2.77E-05
./data/compress/CCLM182408_FR_FL.jpg,2.74E-05
./data/compress/FOLW171203_FR_FL.jpg,2.70E-05
./data/compress/LHLM183402_FR_FL.jpg,2.65E-05
./data/compress/STLS183402_FR_FL.jpg,2.62E-05
./data/compress/SSLM182212_FR_FL.jpg,2.58E-05
./data/compress/CCLS181202_FR_FL.jpg,2.54E-05
./data/compress/FOLW171201_FR_FL.jpg,2.53E-05
./data/compress/CCLM181106_FR_CR.jpg,2.49E-05
./data/compress/SSLM184451_FR_CR.jpg,2.48E-05
./data/compress/SSLM183404_FR_FL.jpg,2.47E-05
./data/compress/KXFS197203_FR_45.jpg,2.41E-05
./data/compress/KXLM184104_FR_CR.jpg,2.33E-05
./data/compress/LALM183002_FR_FL.jpg,2.29E-05
./data/compress/SWLS183101_FR_FL.jpg,2.25E-05
./data/compress/BCLM183402_FR_FL.jpg,2.25E-05
./data/compress/SWFA185503_FR_FL.jpg,2.24E-05
./data/compress/KXLS182105_FR_CR.jpg,2.21E-05
./data/compress/SSLS182416_FR_CR.jpg,2.19E-05
./data/compress/CCLM184119_FR_CR.jpg,2.14E-05
./data/compress/SSLS182409_FR_CR.jpg,2.14E-05
./data/compress/FSLW171134_FR_FL.jpg,2.09E-05
./data/compress/KMLS183201_FR_45.jpg,2.08E-05
./data/compress/LHLM183205_FR_FL.jpg,2.00E-05
./data/compress/BCLM183206_FR_CR.jpg,2.00E-05
./data/compress/CCLM182401_FR_FL.jpg,1.95E-05
./data/compress/CNLS181103_FR_FL.jpg,1.91E-05
./data/compress/CXFS197202_7818_FR_45.jpg,1.91E-05
./data/compress/FOLW172101_FR_FL.jpg,1.91E-05
./data/compress/LALM184402_FR_FL.jpg,1.90E-05
./data/compress/BHLM183004_FR_FL.jpg,1.90E-05
./data/compress/SWLW185305_FR_FL.jpg,1.73E-05
./data/compress/BCLS183102_FR_CR.jpg,1.71E-05
./data/compress/SSLS182201_FR_CR.jpg,1.71E-05
./data/compress/SSLM183410_FR_CR.jpg,1.65E-05
./data/compress/CCLM182206_FR_FL.jpg,1.65E-05
./data/compress/BALM182406_FR_FL.jpg,1.60E-05
./data/compress/BALS182102_FR_FL.jpg,1.59E-05
./data/compress/BCLA184506_FR_FL.jpg,1.55E-05
./data/compress/SSLM184129_FR_FL.jpg,1.53E-05
./data/compress/KJLM183301_FR_CR.jpg,1.49E-05
./data/compress/LXLM184482_FR_FL.jpg,1.45E-05
./data/compress/LHLM183203_FR_FL.jpg,1.43E-05
./data/compress/SSLM184144_FR_CR.jpg,1.41E-05
./data/compress/LXLM182205_FR_FL.jpg,1.41E-05
./data/compress/SSLM181204_FR_FL.jpg,1.40E-05
./data/compress/FFLW171107_FR_CR.jpg,1.39E-05
./data/compress/STLS182201_FR_FL.jpg,1.39E-05
./data/compress/LALM181104_FR_FL.jpg,1.30E-05
./data/compress/SSLM184102_FR_CR.jpg,1.21E-05
./data/compress/CCLS182412_FR_FL.jpg,1.19E-05
./data/compress/CCLM184108_FR_FL.jpg,1.17E-05
./data/compress/KXLM184106_FR_CR.jpg,1.15E-05
./data/compress/SSLS182311_FR_CR.jpg,1.12E-05
./data/compress/SSLS182312_FR_FL.jpg,1.12E-05
./data/compress/FYLW171103_FR_45.jpg,1.07E-05
./data/compress/STLM182403_FR_CR.jpg,9.95E-06
./data/compress/BALM182401_FR_CR.jpg,9.62E-06
./data/compress/SSLM184158_FR_CR.jpg,9.29E-06
./data/compress/BHLM184301_FR_FL.jpg,8.66E-06
./data/compress/SSLM184101_FR_FL.jpg,8.46E-06
./data/compress/LXLM184306_FR_FL.jpg,8.39E-06
./data/compress/LALM183010_FR_FL.jpg,8.32E-06
./data/compress/CCLM182111_FR_FL.jpg,8.19E-06
./data/compress/SSLM183403_FR_FL.jpg,8.08E-06
./data/compress/STLM182408_FR_FL.jpg,8.02E-06
./data/compress/BALS182304_FR_FL.jpg,7.98E-06
./data/compress/BALS182416_FR_FL.jpg,7.69E-06
./data/compress/BHLS182401_FR_FL.jpg,7.44E-06
./data/compress/SSLS181106_FR_FL.jpg,7.35E-06
./data/compress/BCLM182301_FR_FL.jpg,6.78E-06
./data/compress/CCLM181108_FR_FL.jpg,6.62E-06
./data/compress/STLM182107_FR_FL.jpg,6.62E-06
./data/compress/FOLW171182_FR_FL.jpg,6.54E-06
./data/compress/SSLM181203_FR_FL.jpg,6.46E-06
./data/compress/LHLM183405_FR_FL.jpg,6.37E-06
./data/compress/SSLS182202_FR_FL.jpg,6.30E-06
./data/compress/KJLS182301_FR_CR.jpg,6.00E-06
./data/compress/BCLM181201_FR_FL.jpg,5.96E-06
./data/compress/SSLM184108_FR_CR.jpg,5.59E-06
./data/compress/SSLM184103_FR_FL.jpg,5.50E-06
./data/compress/LXLS181103_FR_FL.jpg,5.49E-06
./data/compress/SCLM184201_FR_FL.jpg,5.29E-06
./data/compress/SSLS182411_FR_FL.jpg,5.07E-06
./data/compress/CCLM181106_FR_FL.jpg,4.92E-06
./data/compress/KYLS182101_FR_CR.jpg,4.86E-06
./data/compress/FDLW171112_FR_45.jpg,4.86E-06
./data/compress/FSLW171192_FR_CR.jpg,4.65E-06
./data/compress/BCLM183404_FR_FL.jpg,4.22E-06
./data/compress/SSLM183325_FR_FL.jpg,3.91E-06
./data/compress/STLM182401_FR_FL.jpg,3.79E-06
./data/compress/BCLS182203_FR_FL.jpg,3.76E-06
./data/compress/CXLM182201_FR_CR.jpg,2.89E-06
./data/compress/CXLM182201_FR_FL.jpg,2.59E-06
./data/compress/SSLM183412_FR_CR.jpg,2.43E-06
./data/compress/KFLM184101_FR_45.jpg,2.32E-06
./data/compress/BALM182401_FR_FL.jpg,2.11E-06
./data/compress/LHLM182205_FR_FL.jpg,2.01E-06
./data/compress/LXLM184134_FR_FL.jpg,1.66E-06
./data/compress/LHLM182406_FR_FL.jpg,1.65E-06
./data/compress/BCLM182302_FR_FL.jpg,1.49E-06
./data/compress/SSLM184430_FR_FL.jpg,1.17E-06
./data/compress/LHLM181107_FR_CR.jpg,9.77E-07
./data/compress/KYLS182101_FR_45.jpg,7.03E-07
./data/compress/SSLS181112_FR_FL.jpg,5.29E-07
./data/compress/BCLM183401_FR_FL.jpg,4.98E-07
./data/compress/SSLS181112_FR_CR.jpg,2.91E-07
./data/compress/STLM182408_FR_CR.jpg,2.90E-07
./data/compress/SSLS181106_FR_CR.jpg,2.42E-07
