./data/compress/SSLS181106_FR_CR.jpg,0.9999918
./data/compress/SCLM184201_FR_FL.jpg,0.99999166
./data/compress/FSLW171192_FR_CR.jpg,0.99999106
./data/compress/CXLM182201_FR_FL.jpg,0.9999877
./data/compress/LHLM181107_FR_CR.jpg,0.99998534
./data/compress/LHLM182406_FR_FL.jpg,0.9999809
./data/compress/KFLM184101_FR_45.jpg,0.9999732
./data/compress/SSLS181112_FR_FL.jpg,0.99997175
./data/compress/BCLM183401_FR_FL.jpg,0.9999697
./data/compress/SSLM184430_FR_FL.jpg,0.9999685
./data/compress/BHLM183004_FR_FL.jpg,0.99996555
./data/compress/LHLM182205_FR_FL.jpg,0.99996376
./data/compress/CCLM181108_FR_FL.jpg,0.9999566
./data/compress/SSLM184102_FR_CR.jpg,0.9999542
./data/compress/LXLM182205_FR_FL.jpg,0.99995387
./data/compress/CXLM182201_FR_CR.jpg,0.99995303
./data/compress/STLM182408_FR_CR.jpg,0.9999461
./data/compress/LALM183010_FR_FL.jpg,0.9999355
./data/compress/LHLM183405_FR_FL.jpg,0.9999324
./data/compress/SSLS181106_FR_FL.jpg,0.9999316
./data/compress/SSLM183214_FR_CR.jpg,0.999931
./data/compress/SSLS181112_FR_CR.jpg,0.9999293
./data/compress/BCLS182203_FR_FL.jpg,0.999928
./data/compress/BCLM182301_FR_FL.jpg,0.99991477
./data/compress/KYLS182101_FR_45.jpg,0.9999014
./data/compress/SSLM184129_FR_FL.jpg,0.9998996
./data/compress/SSLS182215_FR_FL.jpg,0.99989927
./data/compress/BALS182102_FR_FL.jpg,0.9998976
./data/compress/FWLW172107_FR_CR.jpg,0.9998964
./data/compress/LXLS181103_FR_FL.jpg,0.99989367
./data/compress/KXLM184106_FR_CR.jpg,0.99989235
./data/compress/UDLM184402_FR_CR.jpg,0.9998894
./data/compress/KJLM183301_FR_CR.jpg,0.99988484
./data/compress/SSLM184108_FR_CR.jpg,0.99988127
./data/compress/KXLS182105_FR_CR.jpg,0.9998809
./data/compress/SSLM183404_FR_FL.jpg,0.99987817
./data/compress/FDLW171112_FR_45.jpg,0.99987674
./data/compress/BCLA184506_FR_FL.jpg,0.9998752
./data/compress/BCLM183404_FR_FL.jpg,0.9998739
./data/compress/SSLS182311_FR_CR.jpg,0.99986744
./data/compress/FDLW171134_FR_45.jpg,0.9998591
./data/compress/BCLM183206_FR_CR.jpg,0.9998528
./data/compress/LALM184402_FR_FL.jpg,0.99984825
./data/compress/SSLM183325_FR_FL.jpg,0.99984694
./data/compress/STLM181108_FR_FL.jpg,0.9998406
./data/compress/STLM182403_FR_CR.jpg,0.99983585
./data/compress/SSLM181203_FR_FL.jpg,0.99983275
./data/compress/KXLS181106_FR_CR_.jpg,0.9998319
./data/compress/KJLS182301_FR_CR.jpg,0.99983037
./data/compress/SSLM184101_FR_FL.jpg,0.99982965
./data/compress/LHLM183303_FR_FL.jpg,0.99981934
./data/compress/STLM182401_FR_FL.jpg,0.99981695
./data/compress/FOLW171182_FR_FL.jpg,0.9998123
./data/compress/KYLS182101_FR_CR.jpg,0.9998118
./data/compress/LHLM183203_FR_FL.jpg,0.99980944
./data/compress/STLS182201_FR_FL.jpg,0.9998066
./data/compress/SSLS182411_FR_FL.jpg,0.999803
./data/compress/STLM182408_FR_FL.jpg,0.9998024
./data/compress/SSLM184451_FR_CR.jpg,0.99980146
./data/compress/SSLM183412_FR_CR.jpg,0.9997929
./data/compress/BHLM184301_FR_FL.jpg,0.9997843
./data/compress/CCLM184119_FR_CR.jpg,0.99978155
./data/compress/SSLS182112_FR_CR.jpg,0.99976856
./data/compress/LXLA184526_FR_FL.jpg,0.9997676
./data/compress/LXLM184134_FR_FL.jpg,0.9997657
./data/compress/LHLM184165_FR_FL.jpg,0.9997646
./data/compress/BALS182304_FR_FL.jpg,0.9997608
./data/compress/SMLA184507_FR_CR.jpg,0.9997547
./data/compress/FSLW171134_FR_FL.jpg,0.9997527
./data/compress/FOLW172102_FR_FL.jpg,0.9997489
./data/compress/BALM182401_FR_FL.jpg,0.9997465
./data/compress/BALM182406_FR_FL.jpg,0.99973077
./data/compress/SSLS182409_FR_CR.jpg,0.9997199
./data/compress/BCLM182302_FR_FL.jpg,0.999716
./data/compress/SSLS182211_FR_CR.jpg,0.9997123
./data/compress/FOLW171201_FR_FL.jpg,0.9997093
./data/compress/LHLM184311_FR_FL.jpg,0.9997036
./data/compress/LXLM183010_FR_FL.jpg,0.9997008
./data/compress/LXLM184306_FR_FL.jpg,0.9996929
./data/compress/BALS182416_FR_FL.jpg,0.99966455
./data/compress/BHLS183107_FR_CR.jpg,0.99965894
./data/compress/CNLS181103_FR_FL.jpg,0.9996562
./data/compress/CCLM184302_FR_FL.jpg,0.9996549
./data/compress/KXLM184104_FR_FL.jpg,0.9996482
./data/compress/LXLM184482_FR_FL.jpg,0.9996425
./data/compress/LXLS183401_FR_45.jpg,0.99964213
./data/compress/LXLS182305_FR_CR.jpg,0.9996401
./data/compress/SSLS182435_FR_FL.jpg,0.99963415
./data/compress/SSA184501_FR_FL.jpg,0.99960834
./data/compress/SSLM184103_FR_FL.jpg,0.9996075
./data/compress/SSLM183306_FR_FL.jpg,0.9996061
./data/compress/FPLW171149_FR_FL.jpg,0.9996001
./data/compress/FOLW171195_FR_FL.jpg,0.9995982
./data/compress/SSLM183101_FR_FL.jpg,0.9995883
./data/compress/LXLM184433_FR_FL.jpg,0.9995689
./data/compress/KFLM183001_FR_FL.jpg,0.999567
./data/compress/KJLS181101_FR_CR.jpg,0.9995522
./data/compress/SSLS182202_FR_FL.jpg,0.99954695
./data/compress/CCLM182111_FR_FL.jpg,0.9995284
./data/compress/BCLS182104_FR_FL.jpg,0.9995283
./data/compress/KJLS181101_FR_FL.jpg,0.99951994
./data/compress/SSLS183203_FR_FL.jpg,0.99951184
./data/compress/BCLM181201_FR_FL.jpg,0.999511
./data/compress/CCLM182401_FR_FL.jpg,0.99950194
./data/compress/SSLS182201_FR_CR.jpg,0.99949753
./data/compress/SSLM184167_FR_FL.jpg,0.99949133
./data/compress/FPLW171120_FR_45.jpg,0.99948454
./data/compress/SWFA185503_FR_CR.jpg,0.9994837
./data/compress/LHFA185001_FR_FL.jpg,0.9994821
./data/compress/FWLW171114_FR_45.jpg,0.9994802
./data/compress/BCLM183402_FR_FL.jpg,0.9994697
./data/compress/SSLM183205_FR_FL.jpg,0.9994512
./data/compress/FPLW171165_FR_FL.jpg,0.9994473
./data/compress/CCLS181202_FR_FL.jpg,0.99943906
./data/compress/UDLM182104_FR_FL.jpg,0.99943644
./data/compress/CXFS197202_7818_FR_45.jpg,0.999435
./data/compress/CCLS182404_FR_FL.jpg,0.999421
./data/compress/BHLM184105_FR_FL.jpg,0.9994197
./data/compress/SBLS182103_FR_CR.jpg,0.9994079
./data/compress/FOLW171156_FR_45.jpg,0.9994029
./data/compress/KXFA184701_FR_CR.jpg,0.99939775
./data/compress/SSLS182304_FR_CR.jpg,0.9993961
./data/compress/SSLM184164_FR_FL.jpg,0.9993944
./data/compress/LHLM182304_FR_FL.jpg,0.9993831
./data/compress/STLM183305_FR_CR.jpg,0.9993777
./data/compress/LXLM183076_FR_FL.jpg,0.99934894
./data/compress/SSLM183403_FR_FL.jpg,0.99934787
./data/compress/LALM181104_FR_FL.jpg,0.99933904
./data/compress/SCFS197702_FR_45.jpg,0.99931645
./data/compress/SCLM182103_FR_FL.jpg,0.99931526
./data/compress/KXLS182102_FR_FL.jpg,0.99929607
./data/compress/KXFS197203_FR_45.jpg,0.9992773
./data/compress/FYLW171103_FR_45.jpg,0.999246
./data/compress/KMLM184301_FR_FL.jpg,0.9992304
./data/compress/CCLM182408_FR_FL.jpg,0.99921453
./data/compress/BHLS183201_FR_FL.jpg,0.9992073
./data/compress/BCLM183301_FR_FL.jpg,0.99920624
./data/compress/SSLM184406_FR_FL.jpg,0.999188
./data/compress/SSLS182105_FR_FL.jpg,0.99917513
./data/compress/LXLS182408_FR_45.jpg,0.99916244
./data/compress/KMLS183201_FR_45.jpg,0.9991604
./data/compress/FOLW172102_FR_CR.jpg,0.999156
./data/compress/CCLM182206_FR_FL.jpg,0.9991517
./data/compress/LXLM182210_FR_FL.jpg,0.99914265
./data/compress/SSLM184146_FR_FL.jpg,0.9991417
./data/compress/LXLA184517_FR_1_.jpg,0.9991339
./data/compress/LXLA184540_FR_FL.jpg,0.9991242
./data/compress/BALM182301_FR_FL.jpg,0.9991047
./data/compress/FOLW171197_FR_45_.jpg,0.9990804
./data/compress/SSLS182104_FR_45.jpg,0.99905723
./data/compress/CCLM183201_FR_FL.jpg,0.99904865
./data/compress/KXLW185301_FR_CR.jpg,0.99900323
./data/compress/CCLS182412_FR_FL.jpg,0.99896
./data/compress/SSLS182105_FR_CR.jpg,0.9989203
./data/compress/FOLW171203_FR_FL.jpg,0.9989151
./data/compress/BHLS181205_FR_CR.jpg,0.99889874
./data/compress/SSLM182117_FR_FL.jpg,0.9988482
./data/compress/SCLM182102_FR_CR.jpg,0.9988398
./data/compress/BALS182416_FR_CR.jpg,0.99879754
./data/compress/SWLA184902_FR_CR.jpg,0.9987962
./data/compress/SMLA184506_FR_FL.jpg,0.9987915
./data/compress/STLM184104_FR_FL.jpg,0.9987827
./data/compress/LHFA185604_FR_45.jpg,0.9987802
./data/compress/SSLM184162_FR_FL.jpg,0.9987459
./data/compress/SSLS182415_FR_FL.jpg,0.9987317
./data/compress/FYLW171115_FR_FL.jpg,0.99872893
./data/compress/SCLM181204_FR_CR.jpg,0.9987072
./data/compress/LHLM183205_FR_FL.jpg,0.9986771
./data/compress/KXLS182204_FR_CR.jpg,0.9986651
./data/compress/FDLW171122_FR_45.jpg,0.9986563
./data/compress/STLS183402_FR_FL.jpg,0.99864537
./data/compress/BALS181102_FR_FL.jpg,0.99863917
./data/compress/BALM182401_FR_CR.jpg,0.99862576
./data/compress/SSLA184910_FR_45.jpg,0.99862397
./data/compress/SSLM183211_FR_FL.jpg,0.99860966
./data/compress/SCLS181106_FR_CR.jpg,0.99859744
./data/compress/SSLM184309_FR_FL.jpg,0.9985655
./data/compress/FOLW171201_FR_CR.jpg,0.9985293
./data/compress/KXLA184514_FR_FL.jpg,0.99852496
./data/compress/STLS181103_FR_FL.jpg,0.9985216
./data/compress/SWLS190106_FR_45.jpg,0.9985202
./data/compress/FPLW171125_FR_CR.jpg,0.99851125
./data/compress/LXLS197104_FR_45.jpg,0.9984798
./data/compress/SCLS183110_FR_CR.jpg,0.9984403
./data/compress/SBLM183011_FR_FL.jpg,0.9983798
./data/compress/SSLM184179_FR_FL.jpg,0.9983541
./data/compress/UDLS190101_FR_45.jpg,0.99829274
./data/compress/SWLS183101_FR_FL.jpg,0.99828905
./data/compress/SSLS182435_FR_CR.jpg,0.99828607
./data/compress/FDLW171111_FR_45.jpg,0.99827385
./data/compress/CCLS182418_FR_FL.jpg,0.9982652
./data/compress/FWLW172107_FR_FL.jpg,0.99826306
./data/compress/CCLM181106_FR_FL.jpg,0.99824834
./data/compress/KJLS182301_FR_CRFL.jpg,0.9982382
./data/compress/SSLM184128_FR_FL.jpg,0.99818736
./data/compress/SSLM184120_FR_FL.jpg,0.9981596
./data/compress/SMLA184507_FR_FL.jpg,0.9980558
./data/compress/LHLM184412_FR_FL.jpg,0.9980065
./data/compress/SSLM183411_FR_FL.jpg,0.99797934
./data/compress/SCLS181107_FR_FL.jpg,0.9979157
./data/compress/SSLM184204_FR_CR.jpg,0.9979132
./data/compress/STLM183203_FR_FL.jpg,0.9978998
./data/compress/BPLS182401_FR_FL.jpg,0.9978988
./data/compress/KMLM184105_FR_CR.jpg,0.99787045
./data/compress/KKLW185306_FR_FL.jpg,0.9978132
./data/compress/FFLW171145_FR_FL.jpg,0.997764
./data/compress/FSLW171155_FR_FL.jpg,0.99776053
./data/compress/SSLM184407_FR_FL.jpg,0.9977398
./data/compress/LXLS182204_FR_FL.jpg,0.99768233
./data/compress/FOLW172101_FR_FL.jpg,0.99764544
./data/compress/BALS182102_FR_CR.jpg,0.99764085
./data/compress/KXLM184104_FR_CR.jpg,0.99753654
./data/compress/SSLM184158_FR_CR.jpg,0.9975042
./data/compress/SWLW185305_FR_FL.jpg,0.9974921
./data/compress/UDLM183401_FR_FL.jpg,0.99746406
./data/compress/CCLS182205_FR_CR.jpg,0.9973761
./data/compress/BALM182406_FR_CR.jpg,0.9973464
./data/compress/FSLW171182_FR_FL.jpg,0.99732685
./data/compress/SCLS181107_FR_CR.jpg,0.9972742
./data/compress/SWLS181106_FR_FL.jpg,0.99725854
./data/compress/CNLS182302_FR_FL.jpg,0.997251
./data/compress/SSLS182111_FR_FL.jpg,0.9972312
./data/compress/FOLW171103_FR_45.jpg,0.99717784
./data/compress/CNLM183201_FR_FL.jpg,0.99717134
./data/compress/SSLS182312_FR_FL.jpg,0.99714416
./data/compress/SWLS181103_FR_CR.jpg,0.99712116
./data/compress/KNLS182301_FR_CR.jpg,0.9971149
./data/compress/LHFA6001_FR_45.jpg,0.9970872
./data/compress/LHLM184113_FR_FL.jpg,0.9970078
./data/compress/BALW186401_FR_45.jpg,0.9970041
./data/compress/SCLW186401_FR_45.jpg,0.9970041
./data/compress/CCLM183203_FR_CR.jpg,0.99689746
./data/compress/KXLS181105_FR_CR.jpg,0.9968401
./data/compress/FDLW171128_FR_45.jpg,0.9967835
./data/compress/FFLW171107_FR_CR.jpg,0.9967438
./data/compress/SSLA184810_FR_FL.jpg,0.9967206
./data/compress/LALM183002_FR_FL.jpg,0.9967123
./data/compress/FDLW171176_FR_45.jpg,0.9967039
./data/compress/BCLS182204_FR_CR.jpg,0.9967007
./data/compress/SCLA184509_FR_FL.jpg,0.99665326
./data/compress/FWLW171114_FR_CR.jpg,0.9965385
./data/compress/CCLM184408_FR_CR.jpg,0.9965229
./data/compress/LHLM183402_FR_FL.jpg,0.9964994
./data/compress/STLM182107_FR_FL.jpg,0.9964142
./data/compress/SSLS181108_FR_CR.jpg,0.99637526
./data/compress/SCLM181204_FR_FL.jpg,0.9963748
./data/compress/CCLM183205_FR_FL.jpg,0.99632734
./data/compress/LHM184403_FR_FL.jpg,0.9963245
./data/compress/CCLM183305_FR_CR.jpg,0.99630874
./data/compress/BALM181201_FR_FL.jpg,0.99627703
./data/compress/SSLM182112_FR_FL.jpg,0.99627316
./data/compress/SSLM184169_FR_CR.jpg,0.9962364
./data/compress/SSLM184407_FR_CR.jpg,0.9962149
./data/compress/SCLM182402_FR_FL.jpg,0.99616927
./data/compress/FJLW171126_FR_FL.jpg,0.9961551
./data/compress/SCLS182302_FR_FL.jpg,0.9961218
./data/compress/SSLM184424_FR_FL.jpg,0.99605525
./data/compress/LXLM184442_FR_FL.jpg,0.99604356
./data/compress/FSLW171127_FR_FL.jpg,0.9960349
./data/compress/CNLM183202_FR_FL.jpg,0.9960026
./data/compress/KXLS182201_FR_CR.jpg,0.99599874
./data/compress/STLM183007_FR_CR.jpg,0.9959287
./data/compress/STLM183007_FR_FL.jpg,0.9959133
./data/compress/SCLA184503_FR_CR.jpg,0.99590516
./data/compress/STLM184103_FR_CR.jpg,0.9958923
./data/compress/FCLW171144_FR_FL.jpg,0.99586856
./data/compress/SSLS181104_FR_CR.jpg,0.9958403
./data/compress/FJLW171105_FR_FL.jpg,0.99576354
./data/compress/BCLS183102_FR_CR.jpg,0.99560875
./data/compress/SSLS182112_FR_FL.jpg,0.9955048
./data/compress/SCLM184103_FR_FL.jpg,0.9954705
./data/compress/SBLM182201_FR_CR.jpg,0.9954644
./data/compress/LHLS196903_FR_45.jpg,0.9953819
./data/compress/FPLW171152_FR_FL.jpg,0.9953654
./data/compress/KNLS181103_FR_FL.jpg,0.99530894
./data/compress/SSLS182401_FR_CR.jpg,0.9953015
./data/compress/SSLS182216_FR_FL.jpg,0.9952129
./data/compress/FSLW171121_FR_45.jpg,0.99518174
./data/compress/KXLS182105_FR_FL.jpg,0.995178
./data/compress/CJLS182401_FR_CR.jpg,0.9951696
./data/compress/CJLS182201_FR_FL.jpg,0.9951206
./data/compress/SSLM182103_FR_CR.jpg,0.9951066
./data/compress/LXLS190109_FR_45.jpg,0.9949694
./data/compress/SSLS182213_FR_CR.jpg,0.99496907
./data/compress/LXLS190115_FR_45.jpg,0.99495476
./data/compress/BHLS183201_FR_CR.jpg,0.9949018
./data/compress/CCLM184108_FR_FL.jpg,0.9948367
./data/compress/SWFA185503_FR_FL.jpg,0.99482614
./data/compress/SSFS197406_FR_1.jpg,0.9948101
./data/compress/CCLS182417_FR_FL.jpg,0.99479383
./data/compress/SSLM183419_FR_FL.jpg,0.99474007
./data/compress/BALM181201_FR_CR.jpg,0.99465585
./data/compress/FOLW172103_FR_CR.jpg,0.9945973
./data/compress/SSLA185701_FR_45.jpg,0.9945517
./data/compress/LXLM184414_FR_FL.jpg,0.99441975
./data/compress/FDLW171114_FR_45.jpg,0.9943955
./data/compress/BCLS181104_FR_FLjpg.jpg,0.9943751
./data/compress/CXLM184103_FR_FL.jpg,0.9943023
./data/compress/FFLW171112_FR_45.jpg,0.9942912
./data/compress/LHLM184153_FR_FL.jpg,0.994283
./data/compress/BCLM182201_FR_CR.jpg,0.9941308
./data/compress/UDLS183101_FR_CR.jpg,0.99396163
./data/compress/BHLS182104_FR_FL.jpg,0.99395555
./data/compress/SSLM184130_FR_FL.jpg,0.9939547
./data/compress/SSLA184924_FR_FL.jpg,0.9939307
./data/compress/SSLM183318_FR_CR.jpg,0.99376726
./data/compress/SSLM184415_FR_CR.jpg,0.99375266
./data/compress/KXLM184201_FR_CR.jpg,0.9937291
./data/compress/LXLM183004_FR_FL.jpg,0.9936724
./data/compress/FBLS181101_FR_CR.jpg,0.9936559
./data/compress/CCLM181106_FR_CR.jpg,0.9935893
./data/compress/LHLM184432_FR_FL.jpg,0.9935861
./data/compress/LXLS190401_FR_45.jpg,0.9935587
./data/compress/SSLS182213_FR_FL.jpg,0.99345833
./data/compress/SWLS190105_FR_45.jpg,0.9931726
./data/compress/FWLW171121_FR_CR.jpg,0.9931338
./data/compress/SSLS190108_FR_45.jpg,0.9931292
./data/compress/CCFW186403_FR_45.jpg,0.99281645
./data/compress/SSLM184159_FR_FL.jpg,0.9927725
./data/compress/SSLM184178_FR_FL.jpg,0.99271446
./data/compress/BHLM183006_FR_CR.jpg,0.99258983
./data/compress/CCLM182410_FR_FL.jpg,0.9925746
./data/compress/FOLW171107_FR_FL.jpg,0.9924935
./data/compress/SSLM184130_FR_CR.jpg,0.9924797
./data/compress/LXLA185102_FR_FL.jpg,0.99230003
./data/compress/SSLM184122_FR_FL.jpg,0.9922809
./data/compress/LXLM184204_FR_FL.jpg,0.9920586
./data/compress/KJLM184102_FR_CR.jpg,0.991963
./data/compress/FSLW171121_FR_FL.jpg,0.9918433
./data/compress/KMLM184105_FR_FL.jpg,0.99182546
./data/compress/SSLM183210_FR_CR.jpg,0.9917892
./data/compress/SSLM184145_FR_FL.jpg,0.9917265
./data/compress/FDLW171197_FR_45.jpg,0.9916677
./data/compress/CNLS181203_FR_FL.jpg,0.9914323
./data/compress/FCLW172102_FR_CR.jpg,0.9913061
./data/compress/SSLS182432_FR_CR.jpg,0.9911253
./data/compress/BHLS182403_FR_FL.jpg,0.9909213
./data/compress/FDLW171129_FR_45.jpg,0.9908819
./data/compress/LALM183303_FR_FL.jpg,0.99086624
./data/compress/FOLW171200_FR_FL.jpg,0.9908564
./data/compress/BWLS181102_FR_FL.jpg,0.99084646
./data/compress/CCLM182408_FR_CR.jpg,0.9907961
./data/compress/KXFS197304_FR_45.jpg,0.99065644
./data/compress/LXLS183118_FR_45.jpg,0.99064714
./data/compress/FFLW171120_FR_CR.jpg,0.99042386
./data/compress/LSFS197702_FR_45.jpg,0.99028206
./data/compress/LXLM184138_FR_FL.jpg,0.9902002
./data/compress/SSLM183222_FR_FL.jpg,0.9901007
./data/compress/CCLS181202_FR_CR.jpg,0.9900905
./data/compress/FPLW171162_FR_FL.jpg,0.9899906
./data/compress/CCLM182206_FR_CR.jpg,0.98997784
./data/compress/CCLS181109_FR_FL.jpg,0.98985016
./data/compress/BCLM181201_FR_CR.jpg,0.9898179
./data/compress/LXLM184320_FR_FL.jpg,0.9897942
./data/compress/CNLS182302_FR_CR.jpg,0.98975116
./data/compress/FDLW171109_FR_45.jpg,0.9896756
./data/compress/FFLW171125_FR_45.jpg,0.9895433
./data/compress/SSLM184102_FR_FL.jpg,0.98941106
./data/compress/BCLS181101_FR_CR.jpg,0.98928833
./data/compress/LHLM184143_FR_FL.jpg,0.98916453
./data/compress/LXLS182307_FR_FL.jpg,0.98915195
./data/compress/KFLS182401_FR_FL.jpg,0.9891501
./data/compress/LXLM184102_FR_FL.jpg,0.98887575
./data/compress/FTLW171136_FR_FL.jpg,0.98874426
./data/compress/SSLM184137_FR_FL.jpg,0.988708
./data/compress/UDLM182405_FR_CR.jpg,0.98861396
./data/compress/SSLM182205_FR_FL.jpg,0.98841375
./data/compress/BCLM183402_FR_CR.jpg,0.9882643
./data/compress/LHLA185302_FR_FL.jpg,0.98815966
./data/compress/CJLS182401_FR_FL.jpg,0.9881187
./data/compress/KXLS182108_FR_CR.jpg,0.9879076
./data/compress/LHFA5501_FR_FL.jpg,0.9877989
./data/compress/FSLW171180_FR_FL.jpg,0.9876816
./data/compress/KMLM184404_FR_CR.jpg,0.9875909
./data/compress/CCLM182402_FR_CR.jpg,0.9875377
./data/compress/FSLW171107_FR_FL.jpg,0.9870717
./data/compress/CCLM182410_FR_CR.jpg,0.98674405
./data/compress/UDLM183002_FR_FL.jpg,0.9865933
./data/compress/STLM182109_FR_CR.jpg,0.9863898
./data/compress/CNLS182402_FR_FL.jpg,0.9862205
./data/compress/SSLS182102_FR_FL.jpg,0.9858468
./data/compress/KXFS197701_FR_45.jpg,0.98579293
./data/compress/BWLS181201_FR_FL.jpg,0.9857389
./data/compress/SWLM183401_FR_FL.jpg,0.9854058
./data/compress/LSLM184402_FR_FL.jpg,0.9851541
./data/compress/FOLW171188_FR_45.jpg,0.98500985
./data/compress/LHLM184433_FR_FL.jpg,0.98495966
./data/compress/LXLM182103_FR_FL.jpg,0.9848744
./data/compress/BHLM182303_FR_FL.jpg,0.9847852
./data/compress/UDLM184301_FR_CR.jpg,0.9839177
./data/compress/FFLW171124_FR_FL.jpg,0.98358065
./data/compress/FPLW171165_FR_45.jpg,0.98340744
./data/compress/KJFA184802_FR_CR.jpg,0.9832824
./data/compress/FTLW171134_FR_45.jpg,0.98306525
./data/compress/CCLM181105_FR_FL.jpg,0.98301744
./data/compress/UDLM182409_FR_CR.jpg,0.98301345
./data/compress/LXLS182101_FR_FL.jpg,0.98299867
./data/compress/SMLS196703_FR_1.jpg,0.98287463
./data/compress/FSLW171119_FR_45.jpg,0.98268825
./data/compress/FFLW171120_FR_FL.jpg,0.9825073
./data/compress/FULW172101_FR_FL.jpg,0.98235255
./data/compress/SSLM184432_FR_CR.jpg,0.98204345
./data/compress/CCLM184302_FR_CR.jpg,0.9815325
./data/compress/BHLM182303_FR_CR.jpg,0.98140705
./data/compress/LALS182403_FR_45.jpg,0.9813929
./data/compress/SSLS182427_FR_FL.jpg,0.9810854
./data/compress/SSLS181125_FR_FL.jpg,0.9810029
./data/compress/SSLS182207_FR_CR.jpg,0.9809911
./data/compress/FJLW171104_FR_FL.jpg,0.9805915
./data/compress/CCLS183404_FR_FL.jpg,0.9803775
./data/compress/FOLW171153_FR_CR.jpg,0.98008865
./data/compress/LHLM183105_FR_FL.jpg,0.97994256
./data/compress/SCLM182402_FR_CR.jpg,0.97972876
./data/compress/SSLM182206_FR_FL.jpg,0.9794097
./data/compress/LXLM184152_FR_FL.jpg,0.97920173
./data/compress/LALM184413_FR_FL.jpg,0.978997
./data/compress/CNLS182401_FR_CR.jpg,0.978868
./data/compress/UDLM182402_FR_CR.jpg,0.97873914
./data/compress/CNLS182403_FR_FL.jpg,0.9786572
./data/compress/FPLW171149_FR_.jpg,0.9786119
./data/compress/SSLS183102_FR_FL.jpg,0.9785226
./data/compress/CCLM182108_FR_CR.jpg,0.9785
./data/compress/LSLM181104_FR_45.jpg,0.977971
./data/compress/SSLS182207_FR_FL.jpg,0.97777426
./data/compress/LXLM184312_FR_FL.jpg,0.9773462
./data/compress/SSLM184433_FR_CR.jpg,0.9770364
./data/compress/SBLS181103_FR_FL.jpg,0.9769016
./data/compress/SSLM181102_FR_FL.jpg,0.9768201
./data/compress/UDLM184111_FR_CR.jpg,0.9766068
./data/compress/KJLS190101_FR_45.jpg,0.97649264
./data/compress/SSLM183105_FR_FL.jpg,0.9763867
./data/compress/SSLM184425_FR_CR.jpg,0.9763025
./data/compress/SSLM184427_FR_CR.jpg,0.9762757
./data/compress/SSLM183407_FR_CR.jpg,0.9761622
./data/compress/CCLM184115_FR_CR.jpg,0.97585404
./data/compress/FJLW171110_FR_45.jpg,0.9751135
./data/compress/LXLM183028_FR_FL.jpg,0.9750737
./data/compress/FOLW171122_FR_FL.jpg,0.9749783
./data/compress/FOLW171209_FR_CR.jpg,0.9748762
./data/compress/CCLS182417_FR_CR.jpg,0.9744994
./data/compress/SSLS183203_FR_CR.jpg,0.9743317
./data/compress/LXLM184424_FR_FL.jpg,0.9741436
./data/compress/FCLW171117_FR_FL.jpg,0.97328883
./data/compress/FCLW171133_FR_FL.jpg,0.97282255
./data/compress/BHLS197902_FR_45.jpg,0.97274244
./data/compress/SBLS182108_FR_CR.jpg,0.97223455
./data/compress/SSLM184128_FR_CR.jpg,0.97217023
./data/compress/FJLW171103_FR_CR.jpg,0.97198176
./data/compress/FJLW171120_FR_45.jpg,0.9718597
./data/compress/SSLM183008_FR_FL.jpg,0.97151256
./data/compress/SSLM183210_FR_FL.jpg,0.97134453
./data/compress/STLS182401_FR_FL.jpg,0.9712955
./data/compress/FDLW171105_FR_45.jpg,0.97116405
./data/compress/STLS182202_FR_FL.jpg,0.9685001
./data/compress/LXLM184148_FR_FL.jpg,0.9676581
./data/compress/CCLM184410_FR_CR.jpg,0.967287
./data/compress/LXLM184139_FR_FL.jpg,0.9672551
./data/compress/FOLW171182_FR_45.jpg,0.9670231
./data/compress/SSLM184402_FR_FL.jpg,0.9669339
./data/compress/KXLA184503_FR_FL.jpg,0.9668583
./data/compress/CCLM184415_FR_FL.jpg,0.9661447
./data/compress/CCLS181109_FR_CR.jpg,0.9660913
./data/compress/BHLM182201_FR_CR.jpg,0.9657894
./data/compress/FDLW171195_FR_45.jpg,0.9655079
./data/compress/SSLM183215_FR_FL.jpg,0.9642229
./data/compress/SCLS182103_FR_FL.jpg,0.9637873
./data/compress/SSLS181201_FR_FL.jpg,0.9634367
./data/compress/FTLW171134_FR_FL.jpg,0.963051
./data/compress/LXLS182308_FR_FL.jpg,0.9629259
./data/compress/UDLM182101_FR_CR.jpg,0.9626848
./data/compress/BHLS183402_FR_FL.jpg,0.96257067
./data/compress/KXLM184101_FR_FL.jpg,0.9610973
./data/compress/LALS183105_FR_FL.jpg,0.96016395
./data/compress/FOLW171121_FR_FL.jpg,0.9590294
./data/compress/CLLM183201_FR_FL.jpg,0.9590094
./data/compress/BALS181102_FR_CR.jpg,0.95830446
./data/compress/FSLW171151_FR_45.jpg,0.95818526
./data/compress/BWLS181101_FR_CR.jpg,0.9569194
./data/compress/SSLM183223_FR_FL.jpg,0.9559383
./data/compress/SSLM184428_FR_CR.jpg,0.95593786
./data/compress/STLM184103_FR_FL.jpg,0.9553828
./data/compress/SSLS182407_FR_FL.jpg,0.9550689
./data/compress/FOLW171161_FR_FL.jpg,0.95437574
./data/compress/SSLM182106_FR_CR.jpg,0.954176
./data/compress/CCLM182108_FR_FL.jpg,0.95315796
./data/compress/kylw186108_FR_45_1.jpg,0.9530904
./data/compress/FSLW171155_FR_45.jpg,0.951703
./data/compress/CCLS182101_FR_FL.jpg,0.95127743
./data/compress/SSLS181109_FR_FL.jpg,0.9500369
./data/compress/SSLS182210_FR_CR.jpg,0.9499621
./data/compress/CCLS182419_FR_FL.jpg,0.9490271
./data/compress/SSLM183322_FR_CR.jpg,0.9485692
./data/compress/SSLS182411_FR_CR.jpg,0.9485668
./data/compress/LXLM184422_FR_FL.jpg,0.9482845
./data/compress/KJLA184504_FR_FL.jpg,0.9477481
./data/compress/BALM182104_FR_FL.jpg,0.9476004
./data/compress/SWLS181102_FR_CR.jpg,0.9475546
./data/compress/CCLS183401_FR_CR.jpg,0.94698936
./data/compress/FJLW171128_FR_45.jpg,0.94698757
./data/compress/LXLM184316_FR_FL.jpg,0.9466589
./data/compress/STLM184107_FR_CR.jpg,0.9465515
./data/compress/FJLW171120_FR_CR.jpg,0.9461971
./data/compress/SSLS182412_FR_FL.jpg,0.9456345
./data/compress/BHLS182302_FR_CR.jpg,0.94498783
./data/compress/SSLM184105_FR_FL.jpg,0.9446172
./data/compress/STLS182406_FR_CR.jpg,0.9442389
./data/compress/LHLS182102_FR_FL.jpg,0.9441476
./data/compress/LHLM184138_FR_FL.jpg,0.94384253
./data/compress/SSLM183006_FR_FL.jpg,0.9435096
./data/compress/FOLW171209_FR_FL.jpg,0.94349664
./data/compress/SCLM183101_FR_FL.jpg,0.9429659
./data/compress/SSLM183206_FR_CR.jpg,0.94282013
./data/compress/LALS183102_FR_FL.jpg,0.94252855
./data/compress/UDLM184110_FR_CR.jpg,0.9420724
./data/compress/CXLM182101_FR_CR.jpg,0.9418754
./data/compress/LXLM183029_FR_FL.jpg,0.9405168
./data/compress/SSLM184418_FR_CR.jpg,0.9404031
./data/compress/FOLW171188_FR_CR.jpg,0.93965274
./data/compress/FPLW171174_FR_CR.jpg,0.9394783
./data/compress/SCLM181201_FR_FL.jpg,0.9393052
./data/compress/BHLS197005_FR_2.jpg,0.9387125
./data/compress/UDLM184104_FR_CR.jpg,0.9363304
./data/compress/SSLS182110_FR_CR.jpg,0.93428826
./data/compress/SSLM184461_FR_FL.jpg,0.93373585
./data/compress/FOLW171193_FR_CR.jpg,0.93358856
./data/compress/SSLM184177_FR_CR.jpg,0.9331424
./data/compress/BHLS182403_FR_CR.jpg,0.93289846
./data/compress/LXLM183026_FR_FL.jpg,0.93272847
./data/compress/FDLW171201_FR_FL.jpg,0.9279678
./data/compress/LHLM184115_FR_FL.jpg,0.92793906
./data/compress/SSLS182314_FR_CR.jpg,0.92754865
./data/compress/SSLA185108_FR_FL.jpg,0.92653114
./data/compress/CCLM182406_FR_FL.jpg,0.9260486
./data/compress/SCLS195901_FR_45.jpg,0.9247965
./data/compress/SCLM183005_FR_CR.jpg,0.9236134
./data/compress/LXLW186205_FR_45.jpg,0.92254776
./data/compress/LHLS183114_FR_FL.jpg,0.9209013
./data/compress/FCLW171137_FR_45.jpg,0.9202628
./data/compress/FOLW171161_FR_CR.jpg,0.9199655
./data/compress/FSLW171153_FR_FL.jpg,0.9198119
./data/compress/BCLM182107_FR_FL.jpg,0.919533
./data/compress/FDLW171152_FR_FL.jpg,0.9194572
./data/compress/LHLM184430_FR_FL.jpg,0.91938275
./data/compress/BALM182301_FR_CR.jpg,0.9191708
./data/compress/FTLW171105_FR_FL.jpg,0.91761595
./data/compress/SSLM183213_FR_CR.jpg,0.916856
./data/compress/CCLS181102_FR_FL.jpg,0.9168521
./data/compress/LXLS196904_FR_45.jpg,0.9159303
./data/compress/STLM181201_FR_FL.jpg,0.91505307
./data/compress/LHLM182313_FR_FL.jpg,0.9123154
./data/compress/FSLW171153_FR_45.jpg,0.91205424
./data/compress/CNLS182202_FR_CR.jpg,0.9112826
./data/compress/SSLS182204_FR_CR.jpg,0.91111654
./data/compress/SSLM184425_FR_FL.jpg,0.9107589
./data/compress/BALM184102_FR_FL.jpg,0.91033584
./data/compress/FDLW171142_FR_45.jpg,0.9092195
./data/compress/LXLS182207_FR_FL.jpg,0.9091515
./data/compress/LXLM183415_FR_FL.jpg,0.9081446
./data/compress/BALS181104_FR_FL.jpg,0.90776765
./data/compress/KRLS196701_FR_45.jpg,0.9076352
./data/compress/LXLS182106_FR_1_.jpg,0.90753293
./data/compress/CCLM184411_FR_CR.jpg,0.90599936
./data/compress/SSLM183102_FR_CR.jpg,0.90561575
./data/compress/STLM184402_FR_CR.jpg,0.90518534
./data/compress/UDLM183202_FR_CR.jpg,0.90512735
./data/compress/BCLM183403_FR_FL.jpg,0.90483075
./data/compress/LXLM184421_FR_FL.jpg,0.90479773
./data/compress/SCLS183110_FR_FL.jpg,0.9040445
./data/compress/FOLW171155_FR_FL.jpg,0.90371776
./data/compress/FRLW171101_FR_45.jpg,0.9021557
./data/compress/SSLM184153_FR_FL.jpg,0.89868057
./data/compress/SSLS182208_FR_CR.jpg,0.8980378
./data/compress/SSLM183002_FR_CR.jpg,0.8976421
./data/compress/SSLS183405_FR_FL.jpg,0.89684916
./data/compress/FWLW171120_FR_45.jpg,0.8960126
./data/compress/FCLW171131_FR_FL.jpg,0.8953324
./data/compress/SSLM184136_FR_FL.jpg,0.8948993
./data/compress/UDLM184104_FR_FL.jpg,0.8939643
./data/compress/LXLS182404_FR_45.jpg,0.8936448
./data/compress/BWLS182101_FR_CR.jpg,0.89287084
./data/compress/FPLW171174_FR_FL.jpg,0.89173174
./data/compress/LXLM183418_FR_FL.jpg,0.8898798
./data/compress/FTLW171117_FR_45.jpg,0.8884377
./data/compress/SSLM183003_FR_FL.jpg,0.8878049
./data/compress/BHFS197302_FR_1.jpg,0.88755023
./data/compress/UDLM182102_FR_CR.jpg,0.8814289
./data/compress/SSFS197607_CCLA185002_FR_45.jpg,0.8807745
./data/compress/FOLW171132_FR_CR.jpg,0.87870145
./data/compress/CCLM183204_FR_FL.jpg,0.87838984
./data/compress/FTLW171106_FR_FL.jpg,0.8783275
./data/compress/BHLS183402_FR_CR.jpg,0.8783109
./data/compress/KJLS181102_FR_FL.jpg,0.8737351
./data/compress/SSLA184906_FR_FL.jpg,0.8737012
./data/compress/SSLM183320_FR_FL.jpg,0.87332857
./data/compress/LXLM184456_FR_FL.jpg,0.87034273
./data/compress/LXLM183416_FR_FL.jpg,0.87004876
./data/compress/LXLM183412_FR_FL.jpg,0.8691094
./data/compress/KFLS197201_FR_45.jpg,0.8672179
./data/compress/LXLS182211_FR_45.jpg,0.8653634
./data/compress/UDLM182203_FR_CR.jpg,0.86503524
./data/compress/BHLS182104_FR_CR.jpg,0.86226404
./data/compress/BALS182410_FR_FL.jpg,0.86119646
./data/compress/SSLM183320_FR_CR.jpg,0.8600315
./data/compress/CCLM184113_FR_FL.jpg,0.8594423
./data/compress/FOLW171165_FR_CR.jpg,0.85878533
./data/compress/FOLW171152_FR_CR.jpg,0.85643595
./data/compress/FFLW171125_FR_CR.jpg,0.85635036
./data/compress/BHLS182402_FR_CR.jpg,0.85603905
./data/compress/CCLS181103_FR_CR.jpg,0.85593444
./data/compress/KXLS182101_FR_CR.jpg,0.85525763
./data/compress/SSLM183110_FR_CR.jpg,0.85506886
./data/compress/KXLA184503_FR_CR.jpg,0.8530718
./data/compress/FOLW171154_FR_CR.jpg,0.8528296
./data/compress/SSLS182307_FR_45.jpg,0.8523783
./data/compress/SSLS182407_FR_45.jpg,0.8520343
./data/compress/FPLW171134_FR_CR.jpg,0.8462423
./data/compress/LXLM184407_FR_FL.jpg,0.846101
./data/compress/FPLW171172_FR_CR.jpg,0.84516513
./data/compress/BCLS182201_FR_FL.jpg,0.8446443
./data/compress/LHLM184428_FR_FL.jpg,0.8428724
./data/compress/SSLM184145_FR_CR.jpg,0.84237933
./data/compress/BHFW185801_FR_45_02.jpg,0.8412164
./data/compress/BCLS182101_FR_FL.jpg,0.83999944
./data/compress/FYLW171106_FR_45.jpg,0.83944356
./data/compress/FWLW171120_FR_CR.jpg,0.8391544
./data/compress/LALM184417_FR_FL.jpg,0.83587056
./data/compress/SSM182401_FR_CR.jpg,0.8355947
./data/compress/FOLW172101_FR_CR.jpg,0.8321988
./data/compress/SSLM182412_FR_FL.jpg,0.830698
./data/compress/FYLW171112_FR_45.jpg,0.8305286
./data/compress/SWLS181104_FR_CR.jpg,0.8286607
./data/compress/KJLM184101_FR_CR.jpg,0.8279388
./data/compress/SSLM183308_FR_FL.jpg,0.82784206
./data/compress/FWLW172103_FR_FL.jpg,0.8270955
./data/compress/CXFS197301_FR_1.jpg,0.82617474
./data/compress/LHLM184164_FR_FL.jpg,0.8219442
./data/compress/CNLS182404_FR_CR.jpg,0.8198078
./data/compress/FSLW171136_FR_CR.jpg,0.8196145
./data/compress/SSLS182403_FR_CR.jpg,0.81580967
./data/compress/FOLW171107_FR_CR.jpg,0.8157748
./data/compress/FOLW171180_FR_FL.jpg,0.8151907
./data/compress/SSLS181110_FR_FL.jpg,0.8151469
./data/compress/SSLM183410_FR_CR.jpg,0.81348205
./data/compress/FDLW171172_FR_FL.jpg,0.811392
./data/compress/FOLW171155_FR_CR.jpg,0.8098433
./data/compress/LHLM183202_FR_FL.jpg,0.80960864
./data/compress/FOLW171159_FR_CR.jpg,0.8059805
./data/compress/FWLW172103_FR_45.jpg,0.8054845
./data/compress/LHLM184441_FR_FL.jpg,0.8000948
./data/compress/FTLW171123_FR_FL.jpg,0.7990276
./data/compress/CCLM182105_FR_CR.jpg,0.79844284
./data/compress/LXLM183319_FR_FL.jpg,0.79735047
./data/compress/KJLM182201_FR_45.jpg,0.79496557
./data/compress/SSLM183316_FR_CR.jpg,0.7940375
./data/compress/SSLM184439_FR_FL.jpg,0.77726245
./data/compress/FOLW171132_FR_45.jpg,0.77424645
./data/compress/FPLW171174_FR_45.jpg,0.7741019
./data/compress/CLLM181201_FR_45.jpg,0.77310896
./data/compress/LXLM183311_FR_FL.jpg,0.7693314
./data/compress/SSLS182441_FR_FL.jpg,0.7636913
./data/compress/LXLS181109_FR_FL.jpg,0.75753915
./data/compress/CCLS181203_FR_CR.jpg,0.75377333
./data/compress/SSLM184433_FR_FL.jpg,0.74613583
./data/compress/LXLM184426_FR_FL.jpg,0.73613113
./data/compress/UDLS182401_FR_CR.jpg,0.7334474
./data/compress/UDLS182103_FR_FL.jpg,0.73180264
./data/compress/SSLM183305_FR_CR.jpg,0.7279221
./data/compress/SSLS197801_FR_45.jpg,0.7237428
./data/compress/CXLS197001_FR_45.jpg,0.7237428
./data/compress/SCLM182201_FR_FL.jpg,0.7224057
./data/compress/KXLS181103_FR_FL.jpg,0.71985066
./data/compress/LXLS182209_FR_FL.jpg,0.7180552
./data/compress/UDLM183201_FR_CR.jpg,0.7142402
./data/compress/FTLW171133_FR_FL.jpg,0.71088433
./data/compress/FDLW171157_FR_45.jpg,0.7105737
./data/compress/LXLM184211_FR_FL.jpg,0.70031965
./data/compress/LHLM184159_FR_CR.jpg,0.6977454
./data/compress/BHLM184404_FR_FL.jpg,0.6958263
./data/compress/UDLM182409_FR_FL.jpg,0.69508296
./data/compress/BCLS182205_FR_FL.jpg,0.69458085
./data/compress/SSLM182412_FR_CR.jpg,0.6940196
./data/compress/SSLM184402_FR_CR.jpg,0.6938074
./data/compress/CCLS182203_FR_CR.jpg,0.69244975
./data/compress/SSLA184920_FR_CR.jpg,0.6859488
./data/compress/FPLW171141_FR_CR.jpg,0.6851543
./data/compress/CXLM184103_FR_CR.jpg,0.6849172
./data/compress/SSLM183215_FR_CR.jpg,0.6776069
./data/compress/FSLW171101_FR_CR.jpg,0.67285264
./data/compress/LHLS182103_FR_FL.jpg,0.66506064
./data/compress/LXLM184428_FR_FL.jpg,0.66419554
./data/compress/BCLM182102_FR_FL.jpg,0.65747327
./data/compress/UDLM182102_FR_FL.jpg,0.6560543
./data/compress/FOLW171101_FR_CR.jpg,0.65605235
./data/compress/FPLW171188_FR_CR.jpg,0.6549025
./data/compress/LHLM184422_FR_FL.jpg,0.65339124
./data/compress/LXLM183217_FR_FL.jpg,0.64389294
./data/compress/SSLA184922_FR_CR.jpg,0.6361545
./data/compress/KKLM184101_FR_FL.jpg,0.63391995
./data/compress/CNLM182203_FR_CR.jpg,0.62109715
./data/compress/CXLM181104_FR_CR.jpg,0.6207404
./data/compress/FWLW172106_FR_FL.jpg,0.6205774
./data/compress/CCLS181110_FR_CR.jpg,0.61708444
./data/compress/FOLW171163_FR_FL.jpg,0.61596525
./data/compress/LXLM183407_FR_FL.jpg,0.6128491
./data/compress/BCLS181103_FR_FL.jpg,0.60877466
./data/compress/LXLM184457_FR_FL.jpg,0.60764676
./data/compress/FOLW171154_FR_FL.jpg,0.6014097
./data/compress/LXLM183214_FR_FL.jpg,0.5921114
./data/compress/BHLS181101_FR_CR.jpg,0.58373517
./data/compress/SSLS181103_FR_FL.jpg,0.5834359
./data/compress/BHLS182401_FR_CR.jpg,0.58292603
./data/compress/FTLW171106_FR_CR.jpg,0.5766578
./data/compress/FSLW171107_FR_45.jpg,0.561276
./data/compress/LHLM182311_FR_FL.jpg,0.56057036
./data/compress/FDLW171206_FR_CR.jpg,0.54841965
./data/compress/FSLW171143_FR_CR.jpg,0.54400563
./data/compress/FDLW171158_FR_45.jpg,0.53793037
./data/compress/LHLM181104_FR_FL.jpg,0.53609264
./data/compress/CCLM183003_FR_CR.jpg,0.5269914
./data/compress/FSLW171176_FR_CR.jpg,0.5205131
./data/compress/SSLS182407_FR_CR.jpg,0.5173436
./data/compress/FCLW172101_FR_FL.jpg,0.51542604
./data/compress/KXLS182103_FR_FL.jpg,0.5153377
./data/compress/CCLM182203_FR_FL.jpg,0.514715
./data/compress/SSLS181201_FR_CR.jpg,0.5142531
./data/compress/UDLS182103_FR_CR.jpg,0.5118218
./data/compress/LHLM184158_FR_FL.jpg,0.5110247
./data/compress/UDLM184405_FR_CR.jpg,0.5008818
./data/compress/FSLW171162_FR_45.jpg,0.49776143
./data/compress/FDLW171145_FR_CR.jpg,0.49775523
./data/compress/SSLM184137_FR_CR.jpg,0.49716544
./data/compress/SSLA184808_FR_FL.jpg,0.4963596
./data/compress/FCLW171109_FR_FL.jpg,0.49344215
./data/compress/SSLM182101_FR_CR.jpg,0.48049498
./data/compress/FDLW171145_FR_FL.jpg,0.45754844
./data/compress/SSLM184436_FR_CR.jpg,0.45508856
./data/compress/CCLM182106_FR_CR.jpg,0.4538635
./data/compress/STLS181201_FR_CR.jpg,0.44675326
./data/compress/BALS182410_FR_CR.jpg,0.44533843
./data/compress/LHLM184424_FR_FL.jpg,0.44255948
./data/compress/SSLM184413_FR_CR.jpg,0.44017324
./data/compress/SSLM183110_FR_FL.jpg,0.43697578
./data/compress/LALS183103_FR_45.jpg,0.43553108
./data/compress/FDLW171144_FR_45.jpg,0.43305174
./data/compress/KXLS181105_FR_FL.jpg,0.43020985
./data/compress/FCLW171151_FR_FL.jpg,0.42952624
./data/compress/FOLW171184_FR_FL.jpg,0.4290662
./data/compress/BHLS182402_FR_FL.jpg,0.4262355
./data/compress/BWLS181106_FR_FL.jpg,0.4208852
./data/compress/BCLM183207_FR_CR.jpg,0.41686934
./data/compress/FCLW171155_FR_45.jpg,0.40767318
./data/compress/LXLM183317_FR_FL.jpg,0.40340185
./data/compress/FOLW171111_FR_45.jpg,0.4023678
./data/compress/FJLW171136_FR_FL.jpg,0.3972827
./data/compress/LXLS197505_FR_45.jpg,0.39501917
./data/compress/FPLW171102_FR_45.jpg,0.38929042
./data/compress/FOLW171126_FR_45.jpg,0.37561813
./data/compress/BHLA185103_FR_CR.jpg,0.37187567
./data/compress/STLM184301_FR_FL.jpg,0.37042126
./data/compress/SSLS182411_FR_45.jpg,0.36935326
./data/compress/SSLM183308_FR_CR.jpg,0.3678325
./data/compress/FCLW171140_FR_45.jpg,0.36778298
./data/compress/FWLW171102_FR_CR.jpg,0.3555393
./data/compress/KXLS182203_FR_CR.jpg,0.34884962
./data/compress/FOLW171151_FR_45.jpg,0.34571472
./data/compress/CCLS181108_FR_CR.jpg,0.34315288
./data/compress/FFLW171116_FR_45.jpg,0.3368073
./data/compress/FJLW171135_FR_CR.jpg,0.33651042
./data/compress/FSLW171135_FR_CR.jpg,0.3344964
./data/compress/SSLM183309_FR_CR.jpg,0.3225371
./data/compress/FULW171101_FR_FL.jpg,0.32177812
./data/compress/BALM184101_FR_CR.jpg,0.32174963
./data/compress/FOLW171166_FR_CR.jpg,0.31923097
./data/compress/SSLM184165_FR_CR.jpg,0.3189836
./data/compress/BHLM183303_FR_CR.jpg,0.3118183
./data/compress/CNLS182202_FR_FL.jpg,0.31147912
./data/compress/SMLS183101_FR_FL.jpg,0.3047
./data/compress/LALM184418_FR_FL.jpg,0.30436587
./data/compress/SSLM183319_FR_CR.jpg,0.29807088
./data/compress/BALM184403_FR_CR.jpg,0.28916708
./data/compress/FDLW171118_FR_45.jpg,0.2872966
./data/compress/FSLW171146_FR_FL.jpg,0.2846092
./data/compress/FWLW172104_FR_CR.jpg,0.28300905
./data/compress/FOLW171114_FR_CR.jpg,0.28221977
./data/compress/LXLM184432_FR_FL.jpg,0.28088617
./data/compress/FRLW171104_FR_45.jpg,0.27990165
./data/compress/SSLS182301_FR_FL.jpg,0.27665445
./data/compress/SWLW185304_FR_CR.jpg,0.27638093
./data/compress/BSLM183005_FR_CR.jpg,0.27597293
./data/compress/LHLM182204_FR_FL.jpg,0.27460676
./data/compress/FCLW172101_FR_45.jpg,0.2684599
./data/compress/KXLS182104_FR_FL.jpg,0.26338556
./data/compress/FJLW171132_FR_FL.jpg,0.25776002
./data/compress/BCLM183204_FR_FL.jpg,0.25753006
./data/compress/FOLW171159_FR_45.jpg,0.25432348
./data/compress/SSLS182103_FR_FL.jpg,0.2475003
./data/compress/LXLM184141_FR_FL.jpg,0.24657516
./data/compress/FSLW171136_FR_45.jpg,0.24607515
./data/compress/TBLS181101_FR_FL.jpg,0.2460588
./data/compress/FOLW171159_FR_FL.jpg,0.24214962
./data/compress/FCLW171112_FR_FL.jpg,0.24082826
./data/compress/FJLW171121_FR_FL.jpg,0.2389059
./data/compress/SSLS182437_FR_CR.jpg,0.23737697
./data/compress/FOLW171109_FR_45.jpg,0.23357825
./data/compress/BCLM183201_FR_FL.jpg,0.23196393
./data/compress/FFLW171124_FR_CR.jpg,0.22807373
./data/compress/SSLS182306_FR_CR.jpg,0.21449116
./data/compress/SSLM184183_FR_CR.jpg,0.21351074
./data/compress/BCLM183201_FR_CR.jpg,0.21202803
./data/compress/UDLS182102_FR_FL.jpg,0.21146064
./data/compress/SSLS183202_FR_FL.jpg,0.20841125
./data/compress/SSLM183414_FR_CR.jpg,0.20788215
./data/compress/FPLW171146_FR_FL.jpg,0.20526011
./data/compress/CCLM184106_FR_CR.jpg,0.18938097
./data/compress/BHLS183103_FR_FL.jpg,0.1872251
./data/compress/BWLM182202_FR_FL.jpg,0.18396889
./data/compress/SWLS181103_FR_FL.jpg,0.18364932
./data/compress/FTLW171115_FR_45.jpg,0.17960463
./data/compress/FOLW171149_FR_FL.jpg,0.17781565
./data/compress/SCLM181201_FR_45.jpg,0.17738533
./data/compress/LSLS181101_FR_1_.jpg,0.1754674
./data/compress/KFLS181101_FR_45.jpg,0.1747567
./data/compress/SSLM183006_FR_CR.jpg,0.16917029
./data/compress/SSLS182304_FR_FL.jpg,0.16471013
./data/compress/SWLS181201_FR_FL.jpg,0.16328654
./data/compress/ULLM184401_FR_FL.jpg,0.16209881
./data/compress/BHLS183103_FR_CR.jpg,0.16034912
./data/compress/LXFA185402_FR_45.jpg,0.15722251
./data/compress/BHLM184101_FR_CR.jpg,0.15623823
./data/compress/SSLS182430_FR_FL.jpg,0.15273996
./data/compress/SSLS182212_FR_CR.jpg,0.14578524
./data/compress/SSLM182108_FR_FL.jpg,0.14340784
./data/compress/BALS183103_FR_CR.jpg,0.1415293
./data/compress/SSLM184123_FR_CR.jpg,0.139172
./data/compress/SSLS182436_FR_FL.jpg,0.13684295
./data/compress/SSLS182108_FR_CR.jpg,0.13636549
./data/compress/CCLM184114_FR_CR.jpg,0.1330607
./data/compress/LXLM183417_FR_FL.jpg,0.13165142
./data/compress/LXLM183204_FR_FL.jpg,0.12714203
./data/compress/KNLS182102_FR_FL.jpg,0.12705246
./data/compress/BCLS182202_FR_CR.jpg,0.12669107
./data/compress/LXLM184308_FR_FL.jpg,0.11743402
./data/compress/FPLW171148_FR_45.jpg,0.10633925
./data/compress/SSLM184150_FR_FL.jpg,0.10141479
./data/compress/LXLM184475_FR_FL.jpg,0.101155266
./data/compress/LXLS181104_FR_FL.jpg,0.10009632
./data/compress/BCLM184301_FR_CR.jpg,0.098827764
./data/compress/FOLW171135_FR_FL.jpg,0.09586965
./data/compress/LXLM183002_FR_FL.jpg,0.09179386
./data/compress/STLM183301_FR_FL.jpg,0.09125125
./data/compress/SSLS182309_FR_CR.jpg,0.08857693
./data/compress/SSLS182410_FR_FL.jpg,0.0878253
./data/compress/SSLM182106_FR_FL.jpg,0.08585986
./data/compress/FPLW171162_FR_45.jpg,0.080005266
./data/compress/LXLM183314_FR_FL.jpg,0.07907136
./data/compress/BALS182201_FR_CR.jpg,0.077589
./data/compress/BWLM182202_FR_CR.jpg,0.0773624
./data/compress/BHLM183004_FR_CR.jpg,0.07526481
./data/compress/CCLM184114_FR_FL.jpg,0.07329309
./data/compress/SSLS181103_FR_CR.jpg,0.06996653
./data/compress/LXLM184323_FR_FL.jpg,0.0677431
./data/compress/UDLS182102_FR_CR.jpg,0.06587919
./data/compress/SSLS182218_FR_FL.jpg,0.06483767
./data/compress/BHLS181103_FR_CR.jpg,0.064542994
./data/compress/FSLW171101_FR_45.jpg,0.06347081
./data/compress/STLS183402_FR_CR.jpg,0.061738607
./data/compress/BHLM184112_FR_FL.jpg,0.06112578
./data/compress/SSLS182201_FR_FL.jpg,0.05686741
./data/compress/SSLM181201_FR_45.jpg,0.053739157
./data/compress/CCLM182104_FR_CR.jpg,0.052940615
./data/compress/KMLS182201_FR_CR.jpg,0.05194786
./data/compress/UDLM184112_FR_CR.jpg,0.048539046
./data/compress/BCLM183006_FR_FL.jpg,0.04822769
./data/compress/LHLM184303_FR_FL.jpg,0.04662039
./data/compress/UDLM182403_FR_CR.jpg,0.046026766
./data/compress/SSLM184107_FR_FL.jpg,0.044152435
./data/compress/LHLM184423_FR_FL.jpg,0.043740723
./data/compress/BALS182401_FR_FL.jpg,0.043620266
./data/compress/LSLM183201_FR_FL.jpg,0.042940427
./data/compress/SSLS182217_FR_CR.jpg,0.041666497
./data/compress/SSLS181123_FR_CR.jpg,0.041389756
./data/compress/FDLW171209_FR_FL.jpg,0.041385103
./data/compress/SSLM183304_FR_FL.jpg,0.041242193
./data/compress/SSLS181110_FR_CR.jpg,0.038908117
./data/compress/SSLS182310_FR_CR.jpg,0.03869485
./data/compress/SSLS182431_FR_CR.jpg,0.036302112
./data/compress/SCLM183201_FR_CR.jpg,0.03441471
./data/compress/BHLM184404_FR_CR.jpg,0.033608794
./data/compress/LXLS182303_FR_FL.jpg,0.033417765
./data/compress/FSLW172101_FR_FL.jpg,0.033405732
./data/compress/LXLM182220_FR_FL.jpg,0.033391014
./data/compress/BWLS181106_FR_CR.jpg,0.03046382
./data/compress/KFLS182401_FR_45.jpg,0.030004203
./data/compress/SWLS181101_FR_CR.jpg,0.029922396
./data/compress/BPLM183001_FR_CR.jpg,0.029500667
./data/compress/BALM183304_FR_FL.jpg,0.029127618
./data/compress/FCLW172101_FR_CR.jpg,0.028952897
./data/compress/SSLM182203_FR_FL.jpg,0.027874254
./data/compress/LXLM183212_FR_FL.jpg,0.027185742
./data/compress/FPLW171147_FR_45.jpg,0.02714392
./data/compress/FTLW171120_FR_CR.jpg,0.026472062
./data/compress/SSLS183401_FR_FL.jpg,0.02476856
./data/compress/LXLS181111_FR_FL.jpg,0.02374529
./data/compress/FDLW171204_FR_45.jpg,0.02297808
./data/compress/BHLS182103_FR_FL.jpg,0.022644514
./data/compress/SSLS183204_FR_CR.jpg,0.021934757
./data/compress/SSLM184413_FR_FL.jpg,0.021884523
./data/compress/BCLS182202_FR_FL.jpg,0.02162854
./data/compress/CCLS182415_FR_FL.jpg,0.021301573
./data/compress/FSLW171191_FR_FL.jpg,0.021004612
./data/compress/CCLM184119_FR_FL.jpg,0.020349547
./data/compress/BHLM184405_FR_CR.jpg,0.019234184
./data/compress/FOLW171212_FR_FL.jpg,0.01889276
./data/compress/FSLW171140_FR_CR.jpg,0.018464154
./data/compress/FOLW171162_FR_FL.jpg,0.018080566
./data/compress/LXLM183303_FR_FL.jpg,0.016737243
./data/compress/CCLM182204_FR_CR.jpg,0.015316364
./data/compress/SSLM184310_FR_FL.jpg,0.015061689
./data/compress/BWLS181105_FR_CR.jpg,0.014098461
./data/compress/BHLM184105_FR_CR.jpg,0.013224982
./data/compress/BHLS182301_FR_CR.jpg,0.013086607
./data/compress/LXLM184305_FR_FL.jpg,0.012515442
./data/compress/FOLW171167_FR_CR.jpg,0.012346987
./data/compress/FYLW171113_FR_CR.jpg,0.012190154
./data/compress/FSLW171195_FR_FL.jpg,0.01213761
./data/compress/SSLS182306_FR_FL.jpg,0.01112342
./data/compress/FTLW171123_FR_CR.jpg,0.010136327
./data/compress/SSLS181122_FR_FL.jpg,0.010128436
./data/compress/BCLM183002_FR_CR.jpg,0.009189963
./data/compress/BPLM183001_FR_FL.jpg,0.009123792
./data/compress/CCLS182414_FR_CR.jpg,0.008939243
./data/compress/BHLS181103_FR_FL.jpg,0.008797942
./data/compress/CCLM183301_FR_CR.jpg,0.008215869
./data/compress/SSLM182203_FR_CR.jpg,0.00794897
./data/compress/SSLM182211_FR_CR.jpg,0.007943926
./data/compress/LALM183302_FR_FL.jpg,0.006985838
./data/compress/FJLW171122_FR_45.jpg,0.006841013
./data/compress/SCLM184109_FR_FL.jpg,0.006833503
./data/compress/CCLM184108_FR_CR.jpg,0.006537356
./data/compress/SSLM183315_FR_CR.jpg,0.00640458
./data/compress/FWLW171112_FR_FL.jpg,0.006139493
./data/compress/SSLS182206_FR_CR.jpg,0.005933605
./data/compress/SCLM181202_FR_FL.jpg,0.005537009
./data/compress/LSLM184404_FR_FL.jpg,0.005390158
./data/compress/SSLS182416_FR_FL.jpg,0.005250348
./data/compress/SSLM184148_FR_FL.jpg,0.00491618
./data/compress/LHLM184316_FR_FL.jpg,0.004730666
./data/compress/STLS182404_FR_FL.jpg,0.00470124
./data/compress/CCLM182207_FR_CR.jpg,0.004349094
./data/compress/SSLS182410_FR_CR.jpg,0.004206739
./data/compress/SSLS182404_FR_45.jpg,0.004205304
./data/compress/SSLS182439_FR_CR.jpg,0.002953293
./data/compress/BALS183102_FR_CR.jpg,0.002804872
./data/compress/SSLM184444_FR_CR.jpg,0.002330623
./data/compress/CCLM182103_FR_CR.jpg,0.002247644
./data/compress/SSLM182212_FR_FL.jpg,0.002227544
./data/compress/FPLW171189_FR_45.jpg,0.002178024
./data/compress/BPLS181103_FR_FL.jpg,0.001811337
./data/compress/LSLM183003_FR_FL.jpg,0.001761834
./data/compress/LHLM181106_FR_45.jpg,0.001749707
./data/compress/BWLS182201_FR_CR.jpg,0.001687991
./data/compress/SCLM183004_FR_FL.jpg,0.001621987
./data/compress/FFLW171101_FR_CR.jpg,0.00160075
./data/compress/LXLM183210_FR_FL.jpg,0.00142723
./data/compress/SSLS182404_FR_CR.jpg,0.001383108
./data/compress/SSLM184401_FR_FL.jpg,0.001371957
./data/compress/BALS183113_FR_CR.jpg,0.00131415
./data/compress/BALM182405_FR_CR.jpg,0.001297369
./data/compress/BALM184102_FR_CR.jpg,0.001256175
./data/compress/FJLW171121_FR_CR.jpg,0.001218212
./data/compress/SSLM184133_FR_FL.jpg,0.001164311
./data/compress/LXLS182402_FR_FL.jpg,0.001099896
./data/compress/LXLM184147_FR_FL.jpg,0.001010691
./data/compress/CXLM183002_FR_FL.jpg,0.001008238
./data/compress/CCLS182415_FR_CR.jpg,0.000972794
./data/compress/CXLM181101_FR_FL.jpg,0.000896045
./data/compress/LXLS182102_FR_FL.jpg,0.000893961
./data/compress/KXLS181201_FR_FL.jpg,0.00077859
./data/compress/UDLM184112_FR_FL.jpg,0.000777334
./data/compress/CCLS183101_FR_FL.jpg,0.00075187
./data/compress/SSLS181119_FR_CR.jpg,0.000674958
./data/compress/CNLS181202_FR_FL.jpg,0.000633588
./data/compress/STLS181102_FR_FL.jpg,0.000577832
./data/compress/CCLS182301_FR_CR.jpg,0.000517745
./data/compress/BALS182413_FR_FL.jpg,0.000369247
./data/compress/FPLW171189_FR_CR.jpg,0.000361166
./data/compress/LXLM184311_FR_FL.jpg,0.000347458
./data/compress/LXLM184458_FR_FL.jpg,0.000340941
./data/compress/SSLM181204_FR_FL.jpg,0.000328457
./data/compress/FDLW171130_FR_45.jpg,0.000327998
./data/compress/FOLW171108_FR_45.jpg,0.000282922
./data/compress/BALM183304_FR_CR.jpg,0.000211317
./data/compress/FTLW171125_FR_CR.jpg,0.000149323
./data/compress/LHLM183408_FR_FL.jpg,0.000123206
./data/compress/SSLM184147_FR_CR.jpg,8.34E-05
./data/compress/SSLS182416_FR_CR.jpg,6.33E-05
./data/compress/SSLM184144_FR_CR.jpg,5.15E-05
./data/compress/STLS183102_FR_FL.jpg,5.00E-05
./data/compress/SCLM183004_FR_CR.jpg,3.24E-05
./data/compress/BHLS182401_FR_FL.jpg,2.42E-06
